fecha,post_id,user_id,tipo_contenido,tema,comunidad,ubicacion,idioma,algoritmo_recomendado,discurso_odio,sentimiento,alcance,impresiones,clics,compartidos,comentarios,reacciones_totales,reacciones_like,reacciones_love,reacciones_angry,reacciones_sad,reacciones_wow,reacciones_haha,reacciones_care,tiempo_visualizacion_seg,ctr,accion_moderacion
2016-04-12,P100000,U2899,imagen,comunidad,bamar_budista,Meiktila,birmano,1,0,neutro,2882,3994,44,2,3,0,0,0,0,0,0,0,0,7.7,0.011,etiqueta_advertencia
2017-07-20,P100001,U8629,video,desinformacion,bamar_budista,Maungdaw,birmano,1,0,neutro,3594,8716,41,3,1,3,1,0,2,0,0,0,0,23.6,0.0047,eliminado
2017-12-27,P100002,U4104,video,comunidad,otras_minorias,Rakhine,birmano,0,0,positivo,3555,5542,122,0,1,1,0,0,1,0,0,0,0,21.3,0.022,bajada_de_prioridad
2016-02-17,P100003,U3693,imagen,seguridad,bamar_budista,Mandalay,birmano,0,0,positivo,2397,4070,49,1,1,4,2,0,0,2,0,0,0,12.9,0.012,eliminado
2016-01-28,P100004,U6855,texto,desinformacion,bamar_budista,Yangon,birmano,1,0,negativo,4710,9619,159,2,2,2,1,0,0,0,0,0,1,8.7,0.0165,ninguna
2016-08-12,P100005,U2802,texto,politica,bamar_budista,Rakhine,birmano,0,0,neutro,2551,3329,27,3,1,4,2,1,0,0,1,0,0,5.7,0.0081,bajada_de_prioridad
2017-04-17,P100006,U2218,texto,seguridad,bamar_budista,Yangon,birmano,1,1,negativo,3074,7671,211,2,3,9,3,1,2,3,0,0,0,2.3,0.0275,ninguna
2017-02-04,P100007,U2060,imagen,politica,bamar_budista,Mandalay,birmano,0,0,neutro,2043,5052,155,3,1,1,1,0,0,0,0,0,0,8.9,0.0307,eliminado
2016-10-06,P100008,U2841,enlace,politica,bamar_budista,Mandalay,birmano,1,1,neutro,1725,3159,49,2,0,2,0,0,2,0,0,0,0,0,0.0155,ninguna
2017-02-11,P100009,U4124,video,politica,bamar_budista,Sittwe,birmano,0,0,negativo,3570,7978,145,1,2,1,0,1,0,0,0,0,0,21.8,0.0182,ninguna
2017-07-25,P100010,U8421,texto,noticia_local,bamar_budista,Yangon,birmano,0,0,positivo,7508,18536,506,4,5,10,4,2,0,0,0,4,0,4.4,0.0273,ninguna
2016-12-22,P100011,U8723,texto,seguridad,bamar_budista,Mandalay,birmano,0,0,positivo,2001,3711,93,1,2,2,1,1,0,0,0,0,0,13.5,0.0251,eliminado
2016-10-11,P100012,U8357,texto,noticia_local,bamar_budista,Yangon,birmano,0,0,neutro,1830,2252,20,0,2,3,2,1,0,0,0,0,0,15.4,0.0089,ninguna
2016-02-06,P100013,U6305,texto,comunidad,bamar_budista,Mandalay,birmano,0,0,negativo,1454,2684,9,0,2,3,0,0,1,1,0,0,1,4.8,0.0034,eliminado
2017-02-01,P100014,U7588,texto,desinformacion,bamar_budista,Rakhine,birmano,0,0,positivo,2657,3538,44,0,2,2,1,1,0,0,0,0,0,5.7,0.0124,ninguna
2016-06-30,P100015,U4486,texto,religion,bamar_budista,Naypyidaw,birmano,0,1,negativo,4691,9115,266,3,0,6,4,1,0,1,0,0,0,12.8,0.0292,ninguna
2017-05-27,P100016,U9175,texto,desinformacion,bamar_budista,Rakhine,birmano,1,0,positivo,11350,16396,205,9,9,10,8,0,1,0,1,0,0,0,0.0125,ninguna
2017-06-01,P100017,U8239,enlace,comunidad,bamar_budista,Naypyidaw,birmano,0,0,positivo,1207,2638,14,0,0,0,0,0,0,0,0,0,0,5.8,0.0053,ninguna
2017-07-04,P100018,U2887,imagen,comunidad,bamar_budista,Rakhine,inglés,0,1,negativo,7143,12318,469,5,5,10,8,0,0,1,0,1,0,3.5,0.0381,ninguna
2016-07-13,P100019,U9150,texto,seguridad,otras_minorias,Rakhine,inglés,1,0,positivo,4087,6752,150,2,1,4,0,2,0,1,1,0,0,6.6,0.0222,ninguna
2016-03-18,P100020,U8943,texto,noticia_local,rohinyá_musulmana,Rakhine,birmano,1,0,positivo,3103,4156,128,1,1,2,0,1,1,0,0,0,0,4.6,0.0308,ninguna
2017-01-03,P100021,U6966,video,religion,bamar_budista,Rakhine,birmano,1,0,neutro,3958,7313,177,3,1,2,1,1,0,0,0,0,0,17,0.0242,eliminado
2017-10-07,P100022,U3219,video,comunidad,bamar_budista,Maungdaw,birmano,0,0,neutro,945,1387,78,0,1,2,1,1,0,0,0,0,0,14.3,0.0562,ninguna
2016-01-13,P100023,U6468,texto,noticia_local,bamar_budista,Naypyidaw,birmano,0,0,positivo,574,1142,25,1,2,0,0,0,0,0,0,0,0,9.8,0.0219,ninguna
2016-08-16,P100024,U5033,video,noticia_local,bamar_budista,Yangon,birmano,0,0,positivo,716,1226,34,0,0,0,0,0,0,0,0,0,0,10.1,0.0277,eliminado
2017-09-07,P100025,U3371,texto,politica,bamar_budista,Mandalay,birmano,0,0,neutro,2094,2967,63,4,0,3,1,0,1,1,0,0,0,14.3,0.0212,ninguna
2017-11-15,P100026,U4177,imagen,seguridad,bamar_budista,Naypyidaw,birmano,0,0,neutro,1099,2152,26,1,1,1,1,0,0,0,0,0,0,11.4,0.0121,etiqueta_advertencia
2017-08-26,P100027,U7490,texto,noticia_local,bamar_budista,Mandalay,inglés,0,0,neutro,2372,3226,40,1,0,3,2,0,0,0,1,0,0,6.5,0.0124,ninguna
2017-06-12,P100028,U7305,texto,desinformacion,bamar_budista,Rakhine,birmano,1,1,negativo,5689,8455,107,5,2,8,4,1,1,1,0,0,1,9.5,0.0127,ninguna
2017-01-14,P100029,U5177,video,comunidad,otras_minorias,Meiktila,birmano,1,1,positivo,3551,5434,95,7,2,2,1,0,1,0,0,0,0,10.9,0.0175,bajada_de_prioridad
2017-05-28,P100030,U3969,video,religion,bamar_budista,Sittwe,birmano,1,1,neutro,8075,18731,230,5,5,10,4,1,3,0,0,2,0,21.6,0.0123,etiqueta_advertencia
2017-04-20,P100031,U1153,enlace,religion,bamar_budista,Naypyidaw,birmano,1,0,positivo,1371,3019,106,1,0,1,0,1,0,0,0,0,0,8.4,0.0351,ninguna
2017-03-25,P100032,U9407,imagen,comunidad,bamar_budista,Yangon,birmano,0,1,positivo,814,1824,32,0,0,0,0,0,0,0,0,0,0,2.4,0.0175,etiqueta_advertencia
2016-12-04,P100033,U7640,video,seguridad,rohinyá_musulmana,Naypyidaw,inglés,1,0,negativo,3462,6358,148,1,4,5,3,0,0,0,1,1,0,19,0.0233,ninguna
2017-05-30,P100034,U5805,video,seguridad,bamar_budista,Meiktila,birmano,0,0,neutro,2833,6342,198,4,1,1,0,0,0,0,0,0,1,12.6,0.0312,eliminado
2017-03-15,P100035,U1892,enlace,desinformacion,bamar_budista,Sittwe,birmano,1,0,neutro,4594,7912,132,1,0,8,4,1,3,0,0,0,0,12,0.0167,etiqueta_advertencia
2016-03-29,P100036,U5286,video,noticia_local,bamar_budista,Rakhine,birmano,1,0,positivo,5495,7215,229,3,2,8,5,1,1,1,0,0,0,20.5,0.0317,etiqueta_advertencia
2017-10-28,P100037,U2040,video,desinformacion,bamar_budista,Naypyidaw,birmano,0,0,negativo,4511,6169,183,2,4,7,4,2,0,1,0,0,0,13.9,0.0297,ninguna
2017-06-07,P100038,U2682,imagen,religion,bamar_budista,Yangon,birmano,1,1,neutro,3802,4672,70,3,3,3,2,0,0,1,0,0,0,8.4,0.015,bajada_de_prioridad
2017-03-28,P100039,U4788,texto,desinformacion,bamar_budista,Maungdaw,birmano,1,1,neutro,4460,9132,261,6,1,5,3,0,0,1,0,1,0,7.3,0.0286,ninguna
2017-12-21,P100040,U4041,imagen,religion,bamar_budista,Yangon,birmano,0,0,negativo,3833,8487,70,1,1,4,1,1,0,0,0,2,0,18,0.0082,bajada_de_prioridad
2016-04-15,P100041,U2927,video,seguridad,bamar_budista,Yangon,birmano,0,0,positivo,3961,5021,196,1,4,3,1,0,2,0,0,0,0,19.8,0.039,ninguna
2017-09-22,P100042,U3958,texto,noticia_local,bamar_budista,Rakhine,birmano,1,0,neutro,4132,5397,26,2,3,8,3,1,2,1,1,0,0,2.6,0.0048,ninguna
2017-06-03,P100043,U8062,texto,seguridad,bamar_budista,Rakhine,birmano,1,1,neutro,1204,1553,16,1,1,1,0,1,0,0,0,0,0,8.3,0.0103,etiqueta_advertencia
2016-10-29,P100044,U1968,texto,politica,rohinyá_musulmana,Mandalay,birmano,0,0,positivo,1218,2393,77,0,0,1,0,0,1,0,0,0,0,16.9,0.0322,ninguna
2017-05-25,P100045,U7089,texto,seguridad,bamar_budista,Mandalay,birmano,1,0,positivo,12183,16256,608,6,4,19,6,1,6,1,1,1,3,12.9,0.0374,eliminado
2017-02-17,P100046,U3772,imagen,desinformacion,bamar_budista,Rakhine,birmano,0,0,neutro,2335,3457,80,2,3,4,2,1,1,0,0,0,0,8.2,0.0231,ninguna
2017-10-16,P100047,U5431,texto,politica,bamar_budista,Rakhine,birmano,0,0,neutro,2236,4271,64,3,4,1,0,0,0,0,1,0,0,8.8,0.015,bajada_de_prioridad
2016-04-26,P100048,U7441,texto,desinformacion,bamar_budista,Sittwe,rohinyá,0,1,neutro,1319,2024,38,2,1,1,0,0,1,0,0,0,0,6,0.0188,etiqueta_advertencia
2016-02-05,P100049,U2100,texto,comunidad,bamar_budista,Rakhine,birmano,1,0,negativo,3696,4447,92,4,3,4,1,1,1,0,0,1,0,20.3,0.0207,etiqueta_advertencia
2017-05-23,P100050,U8397,imagen,religion,bamar_budista,Yangon,birmano,0,0,positivo,676,825,3,1,0,2,1,0,0,0,0,1,0,6.4,0.0036,etiqueta_advertencia
2017-12-12,P100051,U5443,texto,religion,bamar_budista,Rakhine,birmano,0,0,positivo,2346,4834,194,2,1,1,0,0,0,1,0,0,0,11.1,0.0401,ninguna
2017-09-18,P100052,U5225,imagen,desinformacion,otras_minorias,Yangon,inglés,1,0,neutro,12267,26766,607,6,11,19,11,1,4,2,1,0,0,8.1,0.0227,ninguna
2017-04-10,P100053,U6777,imagen,desinformacion,bamar_budista,Maungdaw,birmano,1,1,neutro,1938,3854,70,1,1,1,1,0,0,0,0,0,0,13.7,0.0182,eliminado
2017-03-22,P100054,U2382,video,seguridad,bamar_budista,Rakhine,birmano,0,0,negativo,1784,2274,48,0,0,0,0,0,0,0,0,0,0,18.8,0.0211,bajada_de_prioridad
2017-01-14,P100055,U6542,texto,politica,bamar_budista,Mandalay,birmano,0,1,neutro,2078,3709,56,2,1,0,0,0,0,0,0,0,0,3.1,0.0151,ninguna
2016-03-05,P100056,U9123,texto,seguridad,rohinyá_musulmana,Mandalay,birmano,1,0,positivo,2834,5782,101,0,0,5,2,2,0,0,1,0,0,8,0.0175,eliminado
2016-08-19,P100057,U5531,video,seguridad,bamar_budista,Rakhine,birmano,0,0,neutro,2147,2762,25,2,0,1,0,0,1,0,0,0,0,18.3,0.009,ninguna
2017-02-02,P100058,U1769,texto,religion,rohinyá_musulmana,Maungdaw,birmano,1,0,positivo,1890,4476,90,2,0,1,1,0,0,0,0,0,0,5.1,0.0201,ninguna
2017-01-08,P100059,U5875,imagen,politica,otras_minorias,Rakhine,birmano,1,0,neutro,2442,3283,42,1,0,3,3,0,0,0,0,0,0,10,0.0128,eliminado
2016-08-20,P100060,U4300,enlace,religion,bamar_budista,Rakhine,birmano,1,0,neutro,1403,2268,57,2,1,2,1,0,1,0,0,0,0,9.8,0.0251,eliminado
2016-04-20,P100061,U8378,video,comunidad,bamar_budista,Yangon,inglés,1,0,positivo,2372,3445,78,3,1,3,2,0,1,0,0,0,0,22.1,0.0226,ninguna
2016-04-10,P100062,U6469,video,seguridad,bamar_budista,Yangon,birmano,1,0,positivo,5023,7192,78,2,3,3,2,0,0,0,1,0,0,20.8,0.0108,ninguna
2016-07-01,P100063,U6017,texto,religion,bamar_budista,Naypyidaw,inglés,0,0,negativo,1542,3322,35,4,2,3,3,0,0,0,0,0,0,6.3,0.0105,bajada_de_prioridad
2017-08-03,P100064,U6675,imagen,comunidad,bamar_budista,Meiktila,birmano,1,0,neutro,3000,6446,238,1,3,1,0,0,1,0,0,0,0,7.5,0.0369,bajada_de_prioridad
2016-08-15,P100065,U7566,texto,desinformacion,bamar_budista,Yangon,birmano,0,1,positivo,5315,8778,196,1,3,7,2,0,1,3,0,1,0,9.4,0.0223,bajada_de_prioridad
2017-08-20,P100066,U4970,video,religion,bamar_budista,Rakhine,birmano,1,0,positivo,5054,6706,88,3,4,4,1,1,0,0,2,0,0,27.1,0.0131,ninguna
2016-02-13,P100067,U9438,video,noticia_local,bamar_budista,Rakhine,inglés,1,0,negativo,13318,29410,153,13,6,17,11,1,4,1,0,0,0,19,0.0052,eliminado
2017-10-01,P100068,U8950,video,politica,bamar_budista,Yangon,inglés,1,0,neutro,4456,10319,178,4,3,3,1,0,1,0,1,0,0,23,0.0172,ninguna
2016-10-15,P100069,U1459,video,religion,bamar_budista,Yangon,birmano,1,0,positivo,3061,7078,178,2,0,0,0,0,0,0,0,0,0,15.6,0.0251,eliminado
2017-02-04,P100070,U1285,texto,seguridad,rohinyá_musulmana,Naypyidaw,inglés,1,0,positivo,4567,8135,311,3,1,8,6,1,0,1,0,0,0,10.7,0.0382,ninguna
2016-09-21,P100071,U8468,imagen,religion,bamar_budista,Yangon,birmano,1,0,positivo,2070,4485,113,0,1,4,3,0,0,0,1,0,0,13.5,0.0252,eliminado
2016-12-08,P100072,U3800,video,politica,bamar_budista,Rakhine,birmano,0,0,negativo,2483,5018,154,1,0,4,2,0,1,0,0,1,0,15.9,0.0307,eliminado
2017-02-27,P100073,U1855,imagen,politica,bamar_budista,Rakhine,birmano,0,1,neutro,1369,1731,41,1,0,0,0,0,0,0,0,0,0,10.4,0.0237,ninguna
2017-07-24,P100074,U2774,video,politica,rohinyá_musulmana,Rakhine,rohinyá,1,0,negativo,3121,5457,72,3,2,1,0,0,1,0,0,0,0,13.8,0.0132,ninguna
2017-02-15,P100075,U3466,texto,politica,otras_minorias,Rakhine,birmano,1,0,positivo,810,1653,48,0,0,2,2,0,0,0,0,0,0,10.5,0.029,etiqueta_advertencia
2016-08-22,P100076,U2829,texto,noticia_local,bamar_budista,Rakhine,birmano,0,1,neutro,4433,10193,111,3,5,6,2,1,0,2,0,1,0,1.9,0.0109,ninguna
2017-07-29,P100077,U7789,enlace,religion,bamar_budista,Rakhine,birmano,0,1,positivo,4296,5940,90,1,0,2,1,0,0,1,0,0,0,8.9,0.0152,ninguna
2017-12-08,P100078,U2960,imagen,noticia_local,bamar_budista,Maungdaw,birmano,1,1,neutro,14807,22522,125,12,8,19,11,0,4,2,0,1,1,5.6,0.0056,bajada_de_prioridad
2017-07-11,P100079,U4935,imagen,desinformacion,otras_minorias,Yangon,birmano,0,1,negativo,2170,3993,63,3,2,4,4,0,0,0,0,0,0,0,0.0158,bajada_de_prioridad
2016-05-26,P100080,U5897,enlace,noticia_local,bamar_budista,Mandalay,birmano,0,0,positivo,3528,4374,138,4,3,2,0,0,1,0,0,0,1,10.7,0.0315,ninguna
2017-01-18,P100081,U1182,imagen,religion,bamar_budista,Naypyidaw,birmano,1,1,negativo,4563,9614,210,2,2,4,0,1,2,0,0,1,0,13,0.0218,bajada_de_prioridad
2016-01-23,P100082,U8758,imagen,comunidad,bamar_budista,Sittwe,birmano,1,0,positivo,671,1069,41,0,1,0,0,0,0,0,0,0,0,11.8,0.0383,ninguna
2017-03-16,P100083,U6832,texto,noticia_local,bamar_budista,Yangon,birmano,1,0,positivo,4966,11379,125,5,3,5,1,1,2,1,0,0,0,14.6,0.011,etiqueta_advertencia
2017-06-16,P100084,U4748,texto,desinformacion,bamar_budista,Rakhine,birmano,1,0,positivo,5502,7397,108,4,5,5,3,0,1,0,0,0,1,4.4,0.0146,etiqueta_advertencia
2016-04-11,P100085,U2524,texto,noticia_local,bamar_budista,Mandalay,birmano,0,0,neutro,2204,4167,79,2,2,2,1,1,0,0,0,0,0,9.1,0.019,ninguna
2017-10-26,P100086,U7683,texto,religion,bamar_budista,Naypyidaw,birmano,0,0,positivo,3754,8639,46,4,0,3,1,0,2,0,0,0,0,9.1,0.0053,eliminado
2016-10-04,P100087,U7420,texto,religion,bamar_budista,Mandalay,birmano,0,0,negativo,2382,4650,98,1,2,3,0,0,2,0,0,0,1,7.2,0.0211,ninguna
2017-07-11,P100088,U6366,imagen,comunidad,bamar_budista,Yangon,birmano,1,0,positivo,2175,3870,79,4,1,5,2,1,0,1,1,0,0,9.1,0.0204,eliminado
2017-06-03,P100089,U5444,texto,comunidad,bamar_budista,Yangon,birmano,0,0,negativo,2924,4127,161,0,2,2,2,0,0,0,0,0,0,10.8,0.039,ninguna
2017-03-26,P100090,U6520,texto,desinformacion,bamar_budista,Sittwe,rohinyá,1,0,positivo,3037,5546,129,0,0,4,2,0,2,0,0,0,0,11.4,0.0233,ninguna
2016-10-04,P100091,U1270,imagen,desinformacion,bamar_budista,Sittwe,birmano,0,1,negativo,3077,5760,66,5,0,2,2,0,0,0,0,0,0,13.8,0.0115,ninguna
2017-02-24,P100092,U4240,texto,comunidad,bamar_budista,Rakhine,birmano,0,0,positivo,1402,2622,97,0,1,2,0,0,1,0,0,1,0,14.5,0.037,etiqueta_advertencia
2016-12-08,P100093,U3800,texto,comunidad,rohinyá_musulmana,Rakhine,birmano,1,0,negativo,1770,2899,66,1,1,1,0,0,0,0,1,0,0,5.2,0.0228,ninguna
2016-07-09,P100094,U3972,video,desinformacion,bamar_budista,Rakhine,birmano,0,1,neutro,2224,4678,168,0,1,7,2,2,2,0,0,0,1,17.7,0.0359,ninguna
2016-06-16,P100095,U7989,video,comunidad,bamar_budista,Yangon,birmano,0,0,neutro,3542,6797,46,1,3,4,2,0,1,0,0,1,0,16.6,0.0068,bajada_de_prioridad
2016-03-09,P100096,U4802,texto,religion,rohinyá_musulmana,Yangon,birmano,1,1,negativo,2353,5714,95,2,0,3,1,0,2,0,0,0,0,13.5,0.0166,ninguna
2017-11-19,P100097,U2813,imagen,religion,bamar_budista,Mandalay,birmano,1,0,positivo,5677,11660,244,3,3,8,6,0,0,2,0,0,0,11,0.0209,ninguna
2017-09-01,P100098,U4901,texto,seguridad,bamar_budista,Mandalay,rohinyá,1,1,negativo,4646,9960,211,4,1,9,3,2,3,0,1,0,0,7.8,0.0212,ninguna
2016-11-09,P100099,U8697,texto,religion,bamar_budista,Rakhine,inglés,1,0,neutro,4636,8539,252,4,2,5,4,0,1,0,0,0,0,5.5,0.0295,ninguna
2016-03-03,P100100,U3330,texto,noticia_local,bamar_budista,Mandalay,birmano,0,0,positivo,2057,2750,43,1,0,1,0,0,1,0,0,0,0,7.3,0.0156,ninguna
2016-11-07,P100101,U3773,texto,comunidad,bamar_budista,Rakhine,inglés,0,0,neutro,1436,2127,58,0,1,2,1,1,0,0,0,0,0,12,0.0273,ninguna
2017-04-01,P100102,U7318,video,noticia_local,bamar_budista,Yangon,birmano,1,0,neutro,4241,5551,203,3,1,2,1,0,0,1,0,0,0,10.1,0.0366,ninguna
2017-03-24,P100103,U4893,imagen,politica,bamar_budista,Yangon,birmano,0,1,neutro,671,1413,33,1,2,2,1,1,0,0,0,0,0,9,0.0233,eliminado
2017-10-29,P100104,U9181,video,politica,rohinyá_musulmana,Naypyidaw,birmano,1,0,neutro,3142,5857,88,1,2,2,1,0,1,0,0,0,0,17.8,0.015,ninguna
2016-11-30,P100105,U6330,texto,noticia_local,otras_minorias,Mandalay,birmano,0,0,positivo,2568,5113,66,2,2,1,0,0,0,0,0,1,0,16.3,0.0129,bajada_de_prioridad
2017-12-04,P100106,U7204,texto,seguridad,bamar_budista,Naypyidaw,birmano,0,0,neutro,1547,2728,38,1,1,5,2,0,1,1,1,0,0,19.9,0.0139,bajada_de_prioridad
2016-05-08,P100107,U4759,texto,politica,rohinyá_musulmana,Rakhine,birmano,0,0,neutro,2854,3659,93,3,0,2,2,0,0,0,0,0,0,11.6,0.0254,bajada_de_prioridad
2016-08-04,P100108,U1919,enlace,religion,rohinyá_musulmana,Sittwe,rohinyá,1,0,neutro,3730,7272,168,6,0,2,1,1,0,0,0,0,0,3,0.0231,ninguna
2016-04-23,P100109,U4226,imagen,noticia_local,bamar_budista,Naypyidaw,birmano,0,0,positivo,3141,5464,20,3,3,4,2,1,0,1,0,0,0,1.6,0.0037,bajada_de_prioridad
2017-07-20,P100110,U8605,imagen,desinformacion,bamar_budista,Sittwe,birmano,1,0,neutro,3394,6520,143,0,3,1,0,0,0,1,0,0,0,14.9,0.0219,etiqueta_advertencia
2017-06-21,P100111,U9775,video,politica,bamar_budista,Naypyidaw,birmano,1,0,positivo,4747,11348,70,5,1,7,2,1,0,3,0,1,0,21.2,0.0062,ninguna
2016-10-22,P100112,U2289,imagen,religion,bamar_budista,Yangon,birmano,1,0,positivo,1305,3221,18,2,1,0,0,0,0,0,0,0,0,3.7,0.0056,ninguna
2017-02-27,P100113,U8124,texto,noticia_local,bamar_budista,Mandalay,inglés,1,0,positivo,3796,9412,335,1,3,1,1,0,0,0,0,0,0,5.3,0.0356,ninguna
2016-03-22,P100114,U1307,video,politica,bamar_budista,Rakhine,birmano,1,0,neutro,4485,9456,168,7,4,7,3,0,2,0,2,0,0,20.6,0.0178,ninguna
2016-12-10,P100115,U3828,imagen,politica,bamar_budista,Yangon,birmano,0,0,neutro,5510,11079,166,3,6,2,1,0,0,1,0,0,0,9.7,0.015,etiqueta_advertencia
2016-06-19,P100116,U8850,imagen,religion,bamar_budista,Yangon,birmano,0,0,negativo,2101,2658,69,2,0,1,0,0,0,1,0,0,0,15.1,0.026,ninguna
2016-09-29,P100117,U2051,video,desinformacion,bamar_budista,Yangon,rohinyá,1,0,neutro,2960,4777,72,1,1,0,0,0,0,0,0,0,0,25.8,0.0151,etiqueta_advertencia
2017-07-03,P100118,U2096,texto,comunidad,rohinyá_musulmana,Maungdaw,birmano,0,0,neutro,3760,9352,288,0,1,4,3,0,0,0,0,1,0,0.8,0.0308,ninguna
2016-10-08,P100119,U7589,texto,noticia_local,bamar_budista,Rakhine,birmano,0,0,positivo,2086,4631,137,2,0,1,0,0,1,0,0,0,0,8.4,0.0296,bajada_de_prioridad
2017-04-25,P100120,U5006,texto,desinformacion,bamar_budista,Yangon,birmano,1,0,positivo,6089,10119,380,0,3,7,1,1,1,2,0,0,2,13.9,0.0376,ninguna
2017-08-24,P100121,U7845,texto,politica,rohinyá_musulmana,Meiktila,birmano,0,0,negativo,2510,3116,42,0,1,2,1,1,0,0,0,0,0,12.8,0.0135,eliminado
2017-11-17,P100122,U6368,video,noticia_local,bamar_budista,Yangon,birmano,1,0,negativo,4295,5933,172,2,0,3,3,0,0,0,0,0,0,23.9,0.029,ninguna
2017-06-09,P100123,U6244,imagen,religion,bamar_budista,Meiktila,birmano,1,1,neutro,7665,16107,120,8,2,6,5,0,0,1,0,0,0,12.4,0.0074,ninguna
2016-11-08,P100124,U8263,texto,religion,bamar_budista,Mandalay,birmano,0,1,positivo,1030,2118,4,1,0,2,0,0,0,2,0,0,0,15.3,0.0019,bajada_de_prioridad
2017-01-22,P100125,U2048,video,religion,bamar_budista,Mandalay,inglés,1,0,neutro,4542,6232,215,3,1,5,1,1,1,1,1,0,0,10.7,0.0345,bajada_de_prioridad
2016-11-29,P100126,U3059,texto,noticia_local,bamar_budista,Yangon,inglés,1,0,positivo,2840,4441,108,2,0,5,3,0,1,0,0,1,0,9.2,0.0243,ninguna
2016-05-20,P100127,U9476,texto,religion,rohinyá_musulmana,Meiktila,inglés,0,0,positivo,1068,1415,10,0,0,1,0,0,0,0,0,1,0,5.9,0.0071,bajada_de_prioridad
2017-10-21,P100128,U5675,texto,politica,bamar_budista,Naypyidaw,birmano,1,1,positivo,3682,8262,247,2,0,4,2,0,0,1,0,1,0,8.7,0.0299,etiqueta_advertencia
2016-05-26,P100129,U2371,imagen,comunidad,bamar_budista,Yangon,birmano,0,0,neutro,1568,3448,18,1,1,1,0,0,1,0,0,0,0,0,0.0052,ninguna
2016-11-16,P100130,U2260,imagen,comunidad,rohinyá_musulmana,Rakhine,birmano,1,0,positivo,2808,6888,120,3,0,1,0,0,1,0,0,0,0,2.7,0.0174,etiqueta_advertencia
2017-06-17,P100131,U7135,enlace,noticia_local,rohinyá_musulmana,Yangon,birmano,0,1,neutro,3284,5697,195,5,2,1,0,0,1,0,0,0,0,11.4,0.0342,eliminado
2017-03-29,P100132,U5942,video,politica,bamar_budista,Naypyidaw,inglés,0,0,negativo,3956,9612,307,1,3,5,1,2,2,0,0,0,0,25.7,0.0319,bajada_de_prioridad
2016-02-12,P100133,U8754,texto,religion,rohinyá_musulmana,Yangon,birmano,0,1,negativo,1398,3226,55,1,1,0,0,0,0,0,0,0,0,11.8,0.017,ninguna
2017-07-19,P100134,U5306,enlace,desinformacion,bamar_budista,Rakhine,birmano,1,1,negativo,2177,3753,121,1,2,5,0,0,2,1,2,0,0,21.8,0.0322,etiqueta_advertencia
2017-07-04,P100135,U4637,texto,noticia_local,bamar_budista,Maungdaw,birmano,0,0,positivo,1411,2653,30,1,1,4,3,0,1,0,0,0,0,1.4,0.0113,bajada_de_prioridad
2016-04-25,P100136,U7360,imagen,comunidad,bamar_budista,Rakhine,birmano,0,0,neutro,2364,3998,38,1,2,2,2,0,0,0,0,0,0,5.5,0.0095,etiqueta_advertencia
2017-05-04,P100137,U1692,texto,religion,bamar_budista,Naypyidaw,birmano,1,0,positivo,9848,13242,199,4,2,11,5,1,2,1,0,2,0,12.7,0.015,ninguna
2016-09-11,P100138,U5675,enlace,desinformacion,bamar_budista,Maungdaw,birmano,0,0,negativo,2694,6512,36,2,1,2,1,0,0,0,0,0,1,6,0.0055,bajada_de_prioridad
2017-12-22,P100139,U9531,texto,noticia_local,bamar_budista,Mandalay,rohinyá,1,0,positivo,2912,5181,109,1,3,4,1,1,0,1,0,0,1,9.6,0.021,ninguna
2016-06-23,P100140,U2342,imagen,noticia_local,bamar_budista,Rakhine,birmano,0,0,positivo,2279,2879,89,0,2,3,1,0,0,1,0,1,0,13.9,0.0309,ninguna
2017-03-16,P100141,U5041,texto,comunidad,bamar_budista,Yangon,birmano,1,1,neutro,862,1059,30,0,0,0,0,0,0,0,0,0,0,11.5,0.0283,ninguna
2017-01-04,P100142,U7453,imagen,politica,rohinyá_musulmana,Mandalay,birmano,0,0,positivo,1572,3851,99,0,1,2,0,0,2,0,0,0,0,18.8,0.0257,etiqueta_advertencia
2017-10-23,P100143,U3156,texto,religion,bamar_budista,Yangon,birmano,0,0,neutro,1581,3706,59,1,0,2,0,1,0,0,1,0,0,3.1,0.0159,etiqueta_advertencia
2017-06-16,P100144,U2001,texto,politica,bamar_budista,Naypyidaw,birmano,1,0,neutro,9034,14226,67,5,4,12,4,1,2,1,1,2,1,5.4,0.0047,ninguna
2016-01-10,P100145,U1571,texto,religion,bamar_budista,Rakhine,inglés,1,1,neutro,3439,7031,197,6,2,3,0,1,1,1,0,0,0,12,0.028,bajada_de_prioridad
2017-09-06,P100146,U9302,texto,desinformacion,bamar_budista,Maungdaw,birmano,0,0,positivo,3273,5602,160,2,1,4,1,0,2,1,0,0,0,1.5,0.0286,ninguna
2016-08-19,P100147,U8090,imagen,politica,bamar_budista,Meiktila,birmano,0,1,negativo,1036,2417,27,0,0,0,0,0,0,0,0,0,0,13.4,0.0112,ninguna
2017-08-24,P100148,U2340,enlace,religion,bamar_budista,Yangon,inglés,0,0,positivo,3662,9092,101,3,3,5,2,0,2,1,0,0,0,5.2,0.0111,etiqueta_advertencia
2017-02-18,P100149,U3061,imagen,noticia_local,bamar_budista,Yangon,birmano,1,1,negativo,723,935,23,1,1,4,0,0,2,0,0,1,1,7.1,0.0246,ninguna
2017-01-26,P100150,U8236,video,politica,bamar_budista,Mandalay,birmano,0,0,positivo,628,1485,21,1,0,0,0,0,0,0,0,0,0,13.8,0.0141,bajada_de_prioridad
2017-10-21,P100151,U1498,imagen,politica,bamar_budista,Yangon,inglés,1,0,positivo,5894,11317,61,3,5,4,2,1,1,0,0,0,0,9.5,0.0054,bajada_de_prioridad
2017-12-08,P100152,U8325,video,desinformacion,bamar_budista,Maungdaw,birmano,0,0,positivo,3088,4096,76,2,1,2,0,0,1,0,0,1,0,7.6,0.0186,ninguna
2016-04-21,P100153,U4462,video,religion,otras_minorias,Naypyidaw,inglés,0,0,negativo,2561,5463,48,0,1,2,0,0,1,0,0,0,1,12,0.0088,bajada_de_prioridad
2017-11-23,P100154,U2590,texto,religion,bamar_budista,Mandalay,birmano,1,0,neutro,4088,6555,77,3,0,2,0,2,0,0,0,0,0,11.8,0.0117,ninguna
2017-08-31,P100155,U5734,imagen,politica,bamar_budista,Rakhine,birmano,0,1,neutro,1914,3872,147,4,1,4,2,0,1,1,0,0,0,0,0.038,etiqueta_advertencia
2016-10-18,P100156,U2552,texto,religion,bamar_budista,Rakhine,birmano,0,1,positivo,4044,6748,150,2,2,3,1,0,1,0,0,1,0,4.4,0.0222,etiqueta_advertencia
2016-03-13,P100157,U3349,imagen,noticia_local,bamar_budista,Sittwe,birmano,0,0,positivo,3940,5007,91,1,2,5,2,1,1,1,0,0,0,0,0.0182,etiqueta_advertencia
2017-02-11,P100158,U8489,texto,noticia_local,bamar_budista,Meiktila,birmano,1,0,neutro,8038,16279,258,5,8,3,0,2,0,1,0,0,0,11.4,0.0158,etiqueta_advertencia
2017-05-26,P100159,U5500,imagen,religion,bamar_budista,Maungdaw,birmano,0,0,neutro,1346,1824,53,0,2,1,1,0,0,0,0,0,0,6.3,0.029,ninguna
2016-05-28,P100160,U8124,video,desinformacion,rohinyá_musulmana,Meiktila,birmano,1,0,positivo,6798,8977,74,3,4,5,1,1,1,0,1,0,1,18.7,0.0082,bajada_de_prioridad
2017-10-22,P100161,U1755,texto,desinformacion,bamar_budista,Yangon,birmano,0,0,positivo,484,1108,22,0,0,1,0,0,0,0,0,1,0,13.1,0.0198,bajada_de_prioridad
2016-12-17,P100162,U6720,video,religion,bamar_budista,Meiktila,birmano,0,0,neutro,2654,4573,115,3,0,4,1,1,2,0,0,0,0,21.5,0.0251,ninguna
2016-02-11,P100163,U6307,video,politica,bamar_budista,Rakhine,birmano,1,0,negativo,20633,49563,1012,12,11,14,10,1,1,0,1,0,1,14.6,0.0204,ninguna
2016-11-24,P100164,U7479,video,seguridad,rohinyá_musulmana,Rakhine,birmano,1,1,negativo,3126,7446,97,2,1,2,2,0,0,0,0,0,0,21.2,0.013,ninguna
2017-11-01,P100165,U8448,video,politica,bamar_budista,Yangon,inglés,1,0,neutro,2608,4956,100,4,1,4,3,0,0,0,0,1,0,21.8,0.0202,etiqueta_advertencia
2016-08-02,P100166,U4151,video,politica,rohinyá_musulmana,Mandalay,birmano,1,0,neutro,7888,15702,190,2,3,8,4,0,2,1,0,1,0,22.5,0.0121,etiqueta_advertencia
2017-11-27,P100167,U1579,imagen,politica,rohinyá_musulmana,Meiktila,birmano,0,0,negativo,2079,4380,48,1,2,3,2,0,0,0,0,0,1,8.8,0.011,ninguna
2017-05-21,P100168,U8338,imagen,desinformacion,bamar_budista,Sittwe,birmano,0,1,neutro,1955,4846,144,1,0,0,0,0,0,0,0,0,0,8.5,0.0297,bajada_de_prioridad
2017-07-28,P100169,U4497,imagen,noticia_local,bamar_budista,Mandalay,birmano,0,0,positivo,1067,2649,45,0,0,1,0,0,1,0,0,0,0,0.7,0.017,ninguna
2016-10-03,P100170,U6176,texto,comunidad,bamar_budista,Mandalay,birmano,0,0,positivo,1974,3378,106,4,3,3,2,1,0,0,0,0,0,6.4,0.0314,ninguna
2017-12-23,P100171,U1988,texto,comunidad,bamar_budista,Rakhine,birmano,1,0,positivo,2550,4492,94,2,0,2,1,0,0,1,0,0,0,16.6,0.0209,ninguna
2016-03-22,P100172,U7276,texto,comunidad,bamar_budista,Sittwe,birmano,0,0,positivo,534,810,15,1,0,2,1,0,1,0,0,0,0,1.1,0.0185,ninguna
2017-09-11,P100173,U9177,texto,desinformacion,bamar_budista,Yangon,birmano,1,0,negativo,1466,3633,91,0,1,0,0,0,0,0,0,0,0,3.4,0.025,bajada_de_prioridad
2017-02-19,P100174,U3486,texto,desinformacion,bamar_budista,Yangon,birmano,1,0,neutro,6292,8578,46,3,5,6,2,1,1,0,1,1,0,14.2,0.0054,ninguna
2016-08-14,P100175,U2574,video,desinformacion,otras_minorias,Meiktila,birmano,1,1,neutro,6258,12138,65,1,3,5,4,0,1,0,0,0,0,27,0.0054,etiqueta_advertencia
2017-10-18,P100176,U2932,imagen,religion,bamar_budista,Rakhine,birmano,1,1,negativo,3556,4446,126,2,1,4,4,0,0,0,0,0,0,7.2,0.0283,etiqueta_advertencia
2017-11-11,P100177,U3944,texto,politica,otras_minorias,Mandalay,birmano,0,0,neutro,10060,16201,113,9,6,7,3,0,0,2,2,0,0,11.8,0.007,ninguna
2016-10-07,P100178,U9186,texto,religion,bamar_budista,Naypyidaw,birmano,0,0,neutro,4270,7699,181,8,0,3,0,1,2,0,0,0,0,11,0.0235,ninguna
2016-12-23,P100179,U5468,imagen,religion,rohinyá_musulmana,Meiktila,birmano,1,1,negativo,4395,10480,244,3,2,2,1,1,0,0,0,0,0,12.4,0.0233,etiqueta_advertencia
2016-08-12,P100180,U7906,enlace,desinformacion,bamar_budista,Rakhine,birmano,0,0,positivo,3169,6633,80,2,2,3,1,1,0,1,0,0,0,12.2,0.0121,ninguna
2016-04-26,P100181,U8169,video,noticia_local,bamar_budista,Yangon,birmano,1,0,positivo,3956,7290,174,2,1,6,2,0,2,0,2,0,0,15.1,0.0239,ninguna
2017-03-30,P100182,U3431,texto,seguridad,bamar_budista,Mandalay,birmano,0,0,negativo,1303,2133,36,1,2,0,0,0,0,0,0,0,0,7.4,0.0169,ninguna
2017-09-06,P100183,U9461,texto,noticia_local,bamar_budista,Yangon,birmano,1,0,neutro,1781,3121,17,2,0,2,2,0,0,0,0,0,0,6.4,0.0054,ninguna
2016-01-12,P100184,U8265,enlace,desinformacion,rohinyá_musulmana,Mandalay,birmano,1,1,negativo,3809,4904,117,4,2,5,0,2,1,1,1,0,0,10.1,0.0239,eliminado
2016-08-23,P100185,U9249,texto,religion,otras_minorias,Rakhine,birmano,1,0,negativo,3196,4721,69,2,2,1,0,0,1,0,0,0,0,12.1,0.0146,ninguna
2016-04-15,P100186,U5920,texto,noticia_local,rohinyá_musulmana,Naypyidaw,birmano,0,0,negativo,1843,4599,64,2,1,1,0,0,1,0,0,0,0,4.6,0.0139,ninguna
2016-11-24,P100187,U9989,texto,seguridad,rohinyá_musulmana,Yangon,birmano,0,1,neutro,4132,10037,116,4,2,2,1,0,1,0,0,0,0,18.9,0.0116,ninguna
2016-05-23,P100188,U8610,texto,politica,bamar_budista,Naypyidaw,birmano,1,0,positivo,4913,7286,239,6,2,2,2,0,0,0,0,0,0,7.5,0.0328,ninguna
2017-03-07,P100189,U1028,texto,politica,rohinyá_musulmana,Rakhine,rohinyá,0,0,negativo,1182,1864,42,0,0,0,0,0,0,0,0,0,0,8.9,0.0225,ninguna
2017-05-10,P100190,U4229,texto,religion,bamar_budista,Mandalay,inglés,1,0,negativo,2903,3510,80,2,1,5,3,0,2,0,0,0,0,6,0.0228,bajada_de_prioridad
2016-03-09,P100191,U7475,texto,noticia_local,otras_minorias,Mandalay,birmano,0,0,negativo,2960,6034,133,2,0,4,2,0,2,0,0,0,0,7.6,0.022,eliminado
2017-08-28,P100192,U4401,video,religion,bamar_budista,Yangon,inglés,1,0,positivo,3969,8652,199,1,3,3,2,0,1,0,0,0,0,21.3,0.023,ninguna
2016-10-06,P100193,U8860,texto,politica,bamar_budista,Meiktila,birmano,0,0,neutro,971,1313,40,0,0,0,0,0,0,0,0,0,0,8.2,0.0305,ninguna
2016-12-24,P100194,U7085,texto,religion,rohinyá_musulmana,Mandalay,birmano,0,0,neutro,3119,7464,133,4,1,4,0,0,2,0,0,2,0,7.3,0.0178,etiqueta_advertencia
2016-04-12,P100195,U9529,video,religion,bamar_budista,Mandalay,birmano,0,0,neutro,3007,4384,75,1,0,1,0,1,0,0,0,0,0,22.3,0.0171,eliminado
2016-02-06,P100196,U4345,texto,desinformacion,bamar_budista,Naypyidaw,birmano,0,0,positivo,2951,4693,122,3,0,1,1,0,0,0,0,0,0,0,0.026,ninguna
2017-03-14,P100197,U8262,enlace,politica,bamar_budista,Yangon,birmano,0,0,neutro,1509,2152,46,3,1,2,1,0,0,1,0,0,0,17.9,0.0214,ninguna
2016-08-13,P100198,U4867,imagen,desinformacion,bamar_budista,Sittwe,birmano,0,1,neutro,2153,2892,117,0,1,1,0,0,1,0,0,0,0,9.3,0.0404,ninguna
2017-01-13,P100199,U3413,imagen,noticia_local,bamar_budista,Mandalay,birmano,1,0,positivo,5464,9049,237,4,1,8,3,2,2,1,0,0,0,12,0.0262,eliminado
2016-10-16,P100200,U5808,imagen,comunidad,rohinyá_musulmana,Rakhine,birmano,1,0,neutro,4513,8137,232,0,3,4,4,0,0,0,0,0,0,13.9,0.0285,ninguna
2017-01-01,P100201,U2242,video,politica,bamar_budista,Yangon,birmano,1,0,neutro,1712,3932,94,1,0,4,0,1,1,1,0,1,0,15.7,0.0239,ninguna
2016-12-13,P100202,U2469,texto,comunidad,bamar_budista,Mandalay,birmano,1,0,positivo,1486,3588,96,1,1,0,0,0,0,0,0,0,0,4.6,0.0268,ninguna
2017-09-21,P100203,U8174,texto,noticia_local,bamar_budista,Mandalay,birmano,0,0,positivo,490,1161,16,0,1,1,1,0,0,0,0,0,0,10.5,0.0138,ninguna
2017-10-01,P100204,U9856,texto,politica,rohinyá_musulmana,Yangon,rohinyá,1,0,neutro,2647,6096,175,1,2,0,0,0,0,0,0,0,0,11.1,0.0287,etiqueta_advertencia
2016-11-28,P100205,U7163,texto,desinformacion,bamar_budista,Naypyidaw,birmano,1,0,neutro,1450,3041,96,2,0,2,1,1,0,0,0,0,0,10.5,0.0316,bajada_de_prioridad
2017-06-11,P100206,U2963,texto,religion,rohinyá_musulmana,Yangon,birmano,1,0,neutro,5362,7822,132,5,2,11,3,2,2,0,2,2,0,8.9,0.0169,ninguna
2016-02-03,P100207,U1877,imagen,noticia_local,bamar_budista,Yangon,birmano,1,0,neutro,4130,8829,274,6,3,9,4,3,0,0,1,0,1,3.6,0.031,ninguna
2016-05-08,P100208,U8756,texto,desinformacion,bamar_budista,Mandalay,birmano,0,1,neutro,2884,7147,158,2,1,3,0,1,1,1,0,0,0,12.7,0.0221,etiqueta_advertencia
2017-08-15,P100209,U2699,texto,noticia_local,rohinyá_musulmana,Naypyidaw,inglés,1,0,neutro,7009,9464,99,9,4,4,1,2,1,0,0,0,0,5.6,0.0105,etiqueta_advertencia
2016-01-06,P100210,U5798,texto,religion,bamar_budista,Naypyidaw,birmano,1,0,neutro,4020,6761,151,2,2,1,1,0,0,0,0,0,0,14.1,0.0223,bajada_de_prioridad
2017-04-06,P100211,U8001,texto,desinformacion,rohinyá_musulmana,Yangon,birmano,0,0,positivo,1694,2501,10,3,0,1,1,0,0,0,0,0,0,19.3,0.004,ninguna
2016-02-20,P100212,U9791,video,seguridad,bamar_budista,Mandalay,birmano,0,0,negativo,2383,4217,70,2,1,2,0,0,1,0,0,1,0,17.2,0.0166,ninguna
2017-05-28,P100213,U4258,texto,religion,bamar_budista,Mandalay,birmano,1,0,neutro,5360,10420,58,2,3,6,2,2,0,1,0,1,0,5.3,0.0056,ninguna
2017-12-16,P100214,U3691,video,politica,rohinyá_musulmana,Rakhine,birmano,1,0,negativo,7769,15093,216,7,5,7,1,1,1,3,1,0,0,17,0.0143,ninguna
2017-08-11,P100215,U5320,enlace,religion,bamar_budista,Maungdaw,birmano,1,0,positivo,4218,8189,182,2,2,1,0,1,0,0,0,0,0,14.7,0.0222,ninguna
2017-11-30,P100216,U9974,enlace,comunidad,bamar_budista,Yangon,rohinyá,1,0,positivo,3960,5333,105,1,2,3,1,0,1,1,0,0,0,9.8,0.0197,bajada_de_prioridad
2017-06-23,P100217,U1583,imagen,noticia_local,bamar_budista,Maungdaw,birmano,1,0,positivo,6127,9100,52,2,0,8,6,2,0,0,0,0,0,2.5,0.0057,ninguna
2017-03-07,P100218,U4416,enlace,religion,bamar_budista,Meiktila,birmano,0,1,neutro,1235,1946,31,1,0,2,1,0,1,0,0,0,0,1.9,0.0159,ninguna
2017-06-14,P100219,U4175,video,religion,bamar_budista,Meiktila,birmano,1,0,neutro,9267,12955,189,6,1,6,3,1,1,1,0,0,0,10,0.0146,ninguna
2017-11-12,P100220,U9333,video,politica,bamar_budista,Meiktila,inglés,0,1,neutro,5932,9866,248,3,6,9,6,1,1,0,0,1,0,24.9,0.0251,ninguna
2017-01-02,P100221,U5701,texto,comunidad,bamar_budista,Yangon,birmano,0,0,neutro,1424,1746,27,1,1,3,3,0,0,0,0,0,0,17.2,0.0155,ninguna
2017-04-07,P100222,U5144,texto,seguridad,bamar_budista,Rakhine,birmano,0,1,negativo,556,1265,52,0,0,3,1,0,0,0,2,0,0,18,0.0411,eliminado
2017-05-01,P100223,U4923,video,religion,bamar_budista,Rakhine,birmano,1,0,neutro,6639,11220,132,4,1,9,3,2,1,1,1,1,0,14.7,0.0118,ninguna
2017-06-20,P100224,U2695,texto,seguridad,bamar_budista,Meiktila,rohinyá,1,0,neutro,7287,10688,133,6,7,3,1,0,1,0,0,1,0,17.2,0.0124,ninguna
2017-12-19,P100225,U5394,imagen,noticia_local,bamar_budista,Rakhine,birmano,1,0,negativo,3857,4819,100,0,1,7,2,1,2,1,1,0,0,10,0.0207,ninguna
2017-04-07,P100226,U7229,texto,religion,rohinyá_musulmana,Yangon,birmano,0,0,positivo,1398,2571,53,0,0,0,0,0,0,0,0,0,0,15.5,0.0206,bajada_de_prioridad
2016-08-21,P100227,U8378,video,desinformacion,bamar_budista,Sittwe,birmano,0,0,neutro,12814,23235,341,9,6,12,6,0,3,1,2,0,0,18.5,0.0147,bajada_de_prioridad
2016-10-06,P100228,U4240,texto,comunidad,otras_minorias,Rakhine,birmano,0,0,positivo,1548,3410,16,2,1,2,0,1,0,0,1,0,0,4.2,0.0047,ninguna
2016-12-04,P100229,U3829,texto,politica,bamar_budista,Yangon,birmano,0,0,neutro,1689,2402,46,5,0,4,3,0,0,0,0,1,0,0.3,0.0191,etiqueta_advertencia
2017-03-17,P100230,U9768,texto,comunidad,otras_minorias,Naypyidaw,birmano,1,1,negativo,5234,9549,261,5,5,5,2,0,2,0,0,1,0,5,0.0273,bajada_de_prioridad
2016-08-26,P100231,U6323,video,noticia_local,bamar_budista,Rakhine,birmano,0,1,negativo,8380,19388,116,8,3,8,4,3,1,0,0,0,0,21.4,0.006,eliminado
2017-01-16,P100232,U2509,texto,noticia_local,rohinyá_musulmana,Rakhine,birmano,1,0,positivo,1905,2819,60,0,0,2,2,0,0,0,0,0,0,23.1,0.0213,ninguna
2017-02-09,P100233,U8785,imagen,politica,rohinyá_musulmana,Rakhine,birmano,1,0,negativo,726,1802,37,1,0,1,0,0,0,1,0,0,0,6.3,0.0205,etiqueta_advertencia
2016-12-29,P100234,U3666,texto,religion,bamar_budista,Mandalay,birmano,0,0,negativo,941,1967,25,2,0,0,0,0,0,0,0,0,0,15.5,0.0127,ninguna
2017-04-08,P100235,U1671,texto,seguridad,rohinyá_musulmana,Yangon,birmano,0,0,neutro,1216,2365,9,2,1,1,1,0,0,0,0,0,0,3,0.0038,ninguna
2016-08-19,P100236,U2446,texto,seguridad,bamar_budista,Rakhine,birmano,1,0,neutro,8574,20187,407,6,3,12,4,4,3,0,1,0,0,14.4,0.0202,bajada_de_prioridad
2017-02-20,P100237,U5019,texto,religion,bamar_budista,Mandalay,birmano,0,0,positivo,2292,5296,112,0,1,6,4,1,0,0,0,1,0,3.4,0.0211,eliminado
2016-05-11,P100238,U1897,imagen,noticia_local,bamar_budista,Meiktila,rohinyá,0,0,neutro,724,1746,24,1,0,2,0,1,0,0,0,1,0,15.8,0.0137,ninguna
2017-12-11,P100239,U4773,texto,comunidad,bamar_budista,Mandalay,birmano,1,0,positivo,8938,11152,286,9,7,7,4,0,2,0,1,0,0,6.7,0.0256,ninguna
2017-08-02,P100240,U7142,video,desinformacion,rohinyá_musulmana,Rakhine,birmano,0,1,neutro,2853,4973,52,0,0,5,0,4,0,1,0,0,0,16.6,0.0105,bajada_de_prioridad
2017-05-09,P100241,U9055,texto,religion,bamar_budista,Mandalay,inglés,1,0,negativo,4479,6803,33,7,4,3,1,0,1,0,0,0,1,6.3,0.0049,ninguna
2016-06-26,P100242,U2831,video,comunidad,bamar_budista,Yangon,birmano,0,0,negativo,4780,9728,294,3,5,6,1,3,1,1,0,0,0,21.8,0.0302,ninguna
2017-03-24,P100243,U2573,video,noticia_local,rohinyá_musulmana,Rakhine,birmano,1,1,negativo,6509,11721,344,4,1,5,1,1,0,1,0,2,0,13,0.0293,etiqueta_advertencia
2016-02-17,P100244,U6137,video,politica,rohinyá_musulmana,Rakhine,birmano,1,0,neutro,3706,8662,222,2,1,4,0,2,0,1,1,0,0,27.4,0.0256,eliminado
2016-03-10,P100245,U9635,imagen,noticia_local,bamar_budista,Rakhine,rohinyá,0,0,positivo,3195,7916,285,3,2,5,3,0,0,1,1,0,0,9.7,0.036,ninguna
2016-02-02,P100246,U7032,texto,comunidad,bamar_budista,Rakhine,rohinyá,1,0,positivo,2275,2841,33,1,0,3,1,0,0,1,0,1,0,9.7,0.0116,ninguna
2017-11-09,P100247,U1233,enlace,desinformacion,bamar_budista,Naypyidaw,birmano,1,1,positivo,5146,8800,99,5,2,5,4,0,1,0,0,0,0,7.8,0.0112,etiqueta_advertencia
2017-01-02,P100248,U8313,texto,desinformacion,bamar_budista,Rakhine,birmano,1,1,neutro,3125,5273,90,4,1,1,0,0,0,0,1,0,0,7.7,0.0171,bajada_de_prioridad
2016-04-10,P100249,U7539,video,politica,bamar_budista,Rakhine,birmano,1,1,negativo,21937,50531,932,15,10,28,13,1,1,4,4,5,0,27.4,0.0184,bajada_de_prioridad
2016-12-16,P100250,U9834,texto,desinformacion,bamar_budista,Yangon,inglés,1,0,positivo,3812,8647,222,1,2,4,1,1,1,1,0,0,0,9.8,0.0257,ninguna
2016-09-11,P100251,U2864,texto,desinformacion,rohinyá_musulmana,Sittwe,birmano,0,1,positivo,1412,2175,83,0,0,0,0,0,0,0,0,0,0,17,0.0382,ninguna
2017-05-15,P100252,U2897,imagen,comunidad,bamar_budista,Yangon,birmano,1,0,neutro,1000,1621,29,0,1,3,3,0,0,0,0,0,0,14.2,0.0179,bajada_de_prioridad
2017-10-12,P100253,U7609,texto,politica,otras_minorias,Yangon,birmano,1,1,neutro,1631,3429,133,2,1,3,1,0,2,0,0,0,0,5.1,0.0388,eliminado
2016-08-30,P100254,U6957,texto,comunidad,bamar_budista,Mandalay,birmano,0,0,negativo,1629,4031,126,1,0,1,1,0,0,0,0,0,0,13.9,0.0313,ninguna
2016-05-15,P100255,U5853,imagen,politica,bamar_budista,Mandalay,birmano,0,0,positivo,3016,4285,21,2,3,4,1,0,0,2,1,0,0,7.8,0.0049,ninguna
2016-03-17,P100256,U9533,imagen,desinformacion,bamar_budista,Rakhine,inglés,0,1,neutro,7130,17717,111,7,5,6,0,0,4,2,0,0,0,10.8,0.0063,ninguna
2016-05-12,P100257,U2249,texto,seguridad,bamar_budista,Mandalay,inglés,0,0,positivo,2180,3758,79,2,0,3,2,0,1,0,0,0,0,6.4,0.021,ninguna
2017-04-17,P100258,U6392,texto,religion,bamar_budista,Rakhine,birmano,1,1,negativo,2091,4729,187,1,0,2,0,0,0,0,2,0,0,0,0.0395,eliminado
2016-11-01,P100259,U1569,texto,religion,bamar_budista,Mandalay,birmano,1,0,neutro,3732,7278,191,1,0,2,1,0,0,0,0,1,0,8.3,0.0262,bajada_de_prioridad
2017-05-23,P100260,U2151,texto,desinformacion,bamar_budista,Yangon,birmano,0,1,neutro,1219,2295,39,2,1,2,1,0,0,0,0,0,1,14.3,0.017,ninguna
2017-01-07,P100261,U4708,texto,comunidad,bamar_budista,Yangon,inglés,1,0,neutro,2613,5368,165,0,0,4,2,0,0,2,0,0,0,1.1,0.0307,ninguna
2017-12-16,P100262,U4897,texto,desinformacion,bamar_budista,Sittwe,birmano,1,0,positivo,2804,6415,128,0,2,2,2,0,0,0,0,0,0,9.2,0.02,etiqueta_advertencia
2016-05-25,P100263,U3511,texto,religion,otras_minorias,Maungdaw,birmano,1,0,negativo,3072,4107,57,3,0,2,1,0,0,0,1,0,0,3.7,0.0139,ninguna
2016-09-03,P100264,U6591,video,noticia_local,rohinyá_musulmana,Yangon,inglés,0,0,neutro,2476,5657,73,4,1,6,3,1,1,0,0,1,0,15.7,0.0129,ninguna
2017-01-05,P100265,U3815,video,politica,rohinyá_musulmana,Yangon,birmano,1,0,positivo,2214,4011,17,2,2,3,0,1,1,1,0,0,0,23.1,0.0042,eliminado
2016-07-26,P100266,U8410,imagen,politica,bamar_budista,Naypyidaw,inglés,1,0,negativo,7060,14878,212,2,3,5,2,0,1,0,2,0,0,11.7,0.0142,etiqueta_advertencia
2017-07-20,P100267,U4065,texto,comunidad,otras_minorias,Sittwe,inglés,1,0,positivo,2544,5510,175,1,1,2,0,0,2,0,0,0,0,12.9,0.0318,ninguna
2016-10-29,P100268,U4598,texto,noticia_local,bamar_budista,Mandalay,birmano,0,0,neutro,2188,5095,108,1,0,6,1,1,3,1,0,0,0,7.6,0.0212,ninguna
2016-11-20,P100269,U7629,video,comunidad,bamar_budista,Yangon,birmano,0,0,positivo,1389,2928,16,1,0,1,0,0,0,1,0,0,0,21.3,0.0055,bajada_de_prioridad
2016-03-28,P100270,U8496,video,politica,bamar_budista,Rakhine,birmano,0,1,neutro,1661,2190,34,2,3,4,2,0,0,0,2,0,0,15.6,0.0155,ninguna
2017-09-03,P100271,U7457,video,politica,bamar_budista,Mandalay,birmano,1,0,positivo,2143,4441,136,2,2,3,2,1,0,0,0,0,0,17,0.0306,eliminado
2016-05-26,P100272,U6132,texto,desinformacion,otras_minorias,Mandalay,birmano,0,0,neutro,2087,2560,18,1,0,2,0,0,0,1,1,0,0,14.8,0.007,ninguna
2017-04-01,P100273,U9524,texto,politica,bamar_budista,Rakhine,birmano,1,0,negativo,3814,5553,34,3,3,4,2,0,0,0,0,1,1,6.7,0.0061,ninguna
2017-07-08,P100274,U4046,imagen,religion,bamar_budista,Yangon,birmano,1,0,neutro,2906,5104,90,0,3,5,2,1,1,0,0,0,1,4.9,0.0176,eliminado
2017-06-28,P100275,U7096,video,desinformacion,bamar_budista,Yangon,birmano,0,0,positivo,8165,17512,596,6,3,4,2,1,0,1,0,0,0,23.6,0.034,ninguna
2016-11-29,P100276,U7163,texto,religion,bamar_budista,Meiktila,birmano,1,1,negativo,7825,17590,259,2,5,8,2,1,2,0,0,3,0,9.1,0.0147,bajada_de_prioridad
2017-09-15,P100277,U7341,texto,politica,bamar_budista,Yangon,birmano,1,0,negativo,4220,6924,146,3,0,3,1,0,0,1,0,0,1,3.3,0.0211,ninguna
2016-08-03,P100278,U9348,video,politica,bamar_budista,Mandalay,birmano,0,0,negativo,13359,16885,354,7,5,10,5,1,2,1,1,0,0,14.4,0.021,ninguna
2017-05-25,P100279,U6715,enlace,noticia_local,bamar_budista,Yangon,birmano,1,0,positivo,8507,13891,89,5,2,5,2,0,3,0,0,0,0,6.2,0.0064,bajada_de_prioridad
2017-03-09,P100280,U6373,imagen,seguridad,bamar_budista,Rakhine,birmano,1,0,negativo,3967,5192,126,4,2,3,3,0,0,0,0,0,0,11.5,0.0243,etiqueta_advertencia
2016-06-28,P100281,U9836,texto,religion,rohinyá_musulmana,Yangon,birmano,1,0,neutro,1692,3930,55,1,1,1,1,0,0,0,0,0,0,11.2,0.014,etiqueta_advertencia
2017-03-23,P100282,U2613,imagen,religion,rohinyá_musulmana,Rakhine,birmano,0,0,neutro,2112,4159,72,1,0,2,1,0,0,1,0,0,0,7.7,0.0173,etiqueta_advertencia
2017-03-10,P100283,U5960,texto,politica,rohinyá_musulmana,Maungdaw,birmano,1,1,negativo,3103,5646,107,0,4,3,1,0,0,1,0,1,0,0,0.0189,ninguna
2016-12-15,P100284,U2049,video,religion,bamar_budista,Yangon,birmano,1,0,neutro,4405,8518,35,3,3,4,4,0,0,0,0,0,0,17.6,0.0041,ninguna
2016-02-03,P100285,U3655,video,noticia_local,bamar_budista,Sittwe,rohinyá,1,0,neutro,3150,5245,110,4,3,3,2,1,0,0,0,0,0,19.3,0.021,ninguna
2017-01-04,P100286,U4339,imagen,comunidad,bamar_budista,Naypyidaw,inglés,1,0,neutro,2424,4804,107,3,2,1,0,1,0,0,0,0,0,0.3,0.0223,etiqueta_advertencia
2017-09-06,P100287,U6479,imagen,seguridad,bamar_budista,Mandalay,birmano,0,0,positivo,2011,3853,55,4,1,3,2,1,0,0,0,0,0,1.7,0.0143,ninguna
2016-02-29,P100288,U7208,texto,noticia_local,bamar_budista,Rakhine,birmano,1,0,negativo,3595,8213,49,4,1,2,2,0,0,0,0,0,0,0,0.006,ninguna
2016-12-30,P100289,U4723,texto,desinformacion,bamar_budista,Mandalay,birmano,1,0,positivo,3000,4379,137,2,4,3,3,0,0,0,0,0,0,5.9,0.0313,ninguna
2016-11-13,P100290,U4765,enlace,politica,bamar_budista,Maungdaw,birmano,0,0,neutro,1460,1897,88,4,0,0,0,0,0,0,0,0,0,13.4,0.0464,ninguna
2017-10-20,P100291,U3306,texto,politica,bamar_budista,Rakhine,birmano,1,1,negativo,13080,28576,464,5,6,10,6,0,4,0,0,0,0,11,0.0162,bajada_de_prioridad
2017-04-07,P100292,U1325,imagen,comunidad,rohinyá_musulmana,Yangon,rohinyá,0,0,neutro,1094,2393,35,3,2,5,2,1,1,1,0,0,0,18.7,0.0146,etiqueta_advertencia
2016-03-07,P100293,U6777,imagen,religion,bamar_budista,Maungdaw,inglés,0,0,neutro,1418,3080,54,0,0,2,1,0,1,0,0,0,0,6,0.0175,bajada_de_prioridad
2016-03-31,P100294,U7361,texto,politica,bamar_budista,Sittwe,rohinyá,1,0,positivo,1933,4356,117,1,2,3,2,0,1,0,0,0,0,13.7,0.0269,ninguna
2017-09-07,P100295,U8878,video,noticia_local,bamar_budista,Sittwe,inglés,1,0,negativo,5027,11617,265,2,5,2,0,1,0,1,0,0,0,27.8,0.0228,ninguna
2016-03-11,P100296,U5908,imagen,religion,otras_minorias,Sittwe,birmano,1,1,neutro,4877,5904,58,1,3,4,2,0,1,1,0,0,0,9.8,0.0098,ninguna
2016-05-12,P100297,U7324,enlace,religion,bamar_budista,Yangon,birmano,0,1,positivo,1366,2747,34,0,2,2,0,0,1,1,0,0,0,9.5,0.0124,ninguna
2017-06-09,P100298,U6294,texto,seguridad,bamar_budista,Mandalay,birmano,1,0,positivo,2369,5526,132,1,2,5,3,1,0,1,0,0,0,7.2,0.0239,ninguna
2016-05-31,P100299,U8612,texto,comunidad,bamar_budista,Yangon,birmano,1,0,neutro,4432,7811,324,3,1,7,1,0,3,0,3,0,0,9.3,0.0415,bajada_de_prioridad
2017-08-18,P100300,U4136,texto,politica,rohinyá_musulmana,Rakhine,birmano,0,0,neutro,2993,3882,83,0,2,5,3,0,1,0,0,1,0,8.8,0.0214,eliminado
2017-04-19,P100301,U2620,video,seguridad,bamar_budista,Naypyidaw,birmano,1,0,negativo,2907,6124,180,2,3,1,0,0,0,0,1,0,0,19.5,0.0294,ninguna
2017-04-08,P100302,U8730,enlace,noticia_local,bamar_budista,Rakhine,inglés,1,1,negativo,2460,5482,37,2,1,1,0,0,1,0,0,0,0,14.9,0.0067,eliminado
2017-07-17,P100303,U7321,texto,seguridad,rohinyá_musulmana,Yangon,inglés,1,0,negativo,4552,11279,239,2,3,3,0,1,0,1,0,1,0,13,0.0212,ninguna
2016-10-06,P100304,U8962,imagen,noticia_local,bamar_budista,Yangon,birmano,0,0,neutro,4234,6831,124,8,3,1,0,0,0,0,0,0,1,3.6,0.0181,ninguna
2016-03-11,P100305,U3057,texto,comunidad,bamar_budista,Rakhine,inglés,1,0,neutro,2661,6524,37,1,1,4,2,0,0,1,1,0,0,3.9,0.0057,eliminado
2017-10-25,P100306,U6291,texto,desinformacion,bamar_budista,Rakhine,birmano,1,0,neutro,2682,4166,16,4,0,3,0,0,2,0,1,0,0,14.2,0.0038,ninguna
2016-08-04,P100307,U9584,video,religion,bamar_budista,Meiktila,birmano,0,0,positivo,1158,2656,21,2,0,0,0,0,0,0,0,0,0,24.2,0.0079,ninguna
2017-10-13,P100308,U6492,video,religion,rohinyá_musulmana,Rakhine,birmano,1,0,negativo,2426,5507,165,2,0,0,0,0,0,0,0,0,0,14.9,0.03,ninguna
2016-01-27,P100309,U1089,video,noticia_local,bamar_budista,Yangon,birmano,1,0,positivo,3746,6873,153,1,3,3,0,0,2,0,0,1,0,20,0.0223,ninguna
2016-08-15,P100310,U8540,imagen,desinformacion,rohinyá_musulmana,Rakhine,rohinyá,1,0,neutro,981,1193,39,2,0,1,0,1,0,0,0,0,0,11.7,0.0327,bajada_de_prioridad
2016-03-21,P100311,U5053,texto,noticia_local,bamar_budista,Yangon,inglés,0,0,positivo,3682,7942,163,2,4,1,1,0,0,0,0,0,0,14.5,0.0205,ninguna
2017-12-06,P100312,U8008,video,politica,bamar_budista,Mandalay,birmano,1,0,positivo,8408,20630,455,4,7,12,3,3,2,1,1,0,2,20.1,0.0221,ninguna
2016-09-09,P100313,U6399,imagen,politica,bamar_budista,Rakhine,birmano,0,0,positivo,675,1084,32,1,1,0,0,0,0,0,0,0,0,9.2,0.0295,ninguna
2016-04-25,P100314,U1871,texto,politica,bamar_budista,Yangon,inglés,0,0,neutro,9458,17869,158,9,4,15,5,2,4,1,0,2,1,11.3,0.0088,ninguna
2016-10-21,P100315,U6767,imagen,noticia_local,bamar_budista,Mandalay,birmano,0,1,negativo,1307,1623,55,0,0,0,0,0,0,0,0,0,0,12.4,0.0339,ninguna
2016-01-08,P100316,U1275,video,noticia_local,bamar_budista,Rakhine,birmano,1,0,positivo,1770,3285,94,2,0,4,1,1,1,0,0,1,0,19.7,0.0286,ninguna
2016-05-31,P100317,U5237,video,religion,bamar_budista,Yangon,inglés,0,1,negativo,4032,8654,184,6,0,3,2,0,1,0,0,0,0,13.3,0.0213,bajada_de_prioridad
2017-11-24,P100318,U6595,video,politica,rohinyá_musulmana,Rakhine,birmano,1,0,neutro,2835,6525,111,2,0,5,2,1,0,0,0,2,0,19.2,0.017,ninguna
2016-01-27,P100319,U6051,texto,seguridad,bamar_budista,Maungdaw,inglés,1,0,neutro,1842,4215,20,1,1,2,1,0,1,0,0,0,0,7.5,0.0047,ninguna
2017-11-20,P100320,U7601,video,religion,rohinyá_musulmana,Rakhine,birmano,0,1,neutro,2519,4388,88,4,2,2,1,0,0,0,0,1,0,27.6,0.0201,bajada_de_prioridad
2016-12-29,P100321,U5348,texto,religion,rohinyá_musulmana,Mandalay,birmano,1,0,neutro,1573,2753,104,3,1,1,0,1,0,0,0,0,0,10.1,0.0378,bajada_de_prioridad
2017-03-11,P100322,U6278,imagen,noticia_local,bamar_budista,Maungdaw,inglés,1,0,neutro,4240,8075,248,3,3,6,4,0,2,0,0,0,0,8.4,0.0307,ninguna
2016-09-21,P100323,U3841,texto,desinformacion,rohinyá_musulmana,Yangon,birmano,1,0,negativo,1251,1568,36,2,1,3,1,0,0,1,0,1,0,8.3,0.023,eliminado
2017-04-19,P100324,U9702,texto,religion,rohinyá_musulmana,Rakhine,birmano,0,0,neutro,3089,4145,71,0,1,1,0,0,0,1,0,0,0,13.4,0.0171,eliminado
2017-06-08,P100325,U5454,enlace,religion,otras_minorias,Mandalay,birmano,0,0,negativo,1175,2224,13,0,0,0,0,0,0,0,0,0,0,8.4,0.0058,ninguna
2017-08-24,P100326,U1065,video,politica,bamar_budista,Rakhine,birmano,0,0,neutro,1641,2325,58,1,1,1,1,0,0,0,0,0,0,22,0.0249,ninguna
2016-03-08,P100327,U3606,imagen,comunidad,bamar_budista,Yangon,birmano,0,0,negativo,2047,4194,51,1,1,2,2,0,0,0,0,0,0,11.3,0.0122,ninguna
2016-04-08,P100328,U8904,video,comunidad,bamar_budista,Yangon,birmano,0,0,neutro,1468,3468,103,4,1,0,0,0,0,0,0,0,0,18.2,0.0297,ninguna
2017-07-03,P100329,U2285,enlace,religion,bamar_budista,Mandalay,birmano,1,0,positivo,11475,22580,210,9,6,6,3,2,0,0,0,1,0,10.7,0.0093,bajada_de_prioridad
2016-12-19,P100330,U1743,imagen,religion,bamar_budista,Yangon,rohinyá,0,0,neutro,812,1320,39,0,0,0,0,0,0,0,0,0,0,18.6,0.0295,eliminado
2017-11-03,P100331,U7194,imagen,politica,bamar_budista,Yangon,inglés,0,0,neutro,2336,3436,100,3,1,1,1,0,0,0,0,0,0,8.6,0.0291,ninguna
2017-05-14,P100332,U2600,texto,comunidad,bamar_budista,Meiktila,birmano,0,0,positivo,1786,3977,151,1,3,0,0,0,0,0,0,0,0,11.6,0.038,bajada_de_prioridad
2017-08-03,P100333,U7611,video,comunidad,bamar_budista,Rakhine,birmano,0,1,neutro,1602,3743,22,1,1,3,2,0,0,0,0,1,0,10.5,0.0059,bajada_de_prioridad
2017-12-13,P100334,U4322,video,desinformacion,bamar_budista,Sittwe,birmano,1,0,neutro,3464,6749,46,3,1,1,1,0,0,0,0,0,0,18.8,0.0068,etiqueta_advertencia
2016-10-20,P100335,U4619,texto,religion,bamar_budista,Yangon,birmano,0,0,negativo,3181,5004,77,2,3,0,0,0,0,0,0,0,0,3.2,0.0154,etiqueta_advertencia
2017-05-04,P100336,U6431,texto,desinformacion,bamar_budista,Yangon,birmano,0,0,positivo,3512,8181,195,1,3,1,0,0,1,0,0,0,0,14,0.0238,ninguna
2016-06-22,P100337,U2404,video,religion,bamar_budista,Rakhine,inglés,0,1,neutro,3534,8525,246,2,2,4,3,0,1,0,0,0,0,21.9,0.0289,ninguna
2017-12-30,P100338,U5131,imagen,comunidad,rohinyá_musulmana,Meiktila,birmano,1,1,negativo,9256,11947,131,5,4,9,2,1,4,2,0,0,0,6,0.011,ninguna
2016-06-26,P100339,U8556,texto,noticia_local,bamar_budista,Yangon,inglés,1,0,positivo,3864,8294,182,2,3,4,3,0,1,0,0,0,0,5.6,0.0219,ninguna
2017-02-10,P100340,U2990,video,religion,bamar_budista,Rakhine,birmano,1,1,negativo,2671,5905,82,4,0,4,2,0,1,0,1,0,0,13.1,0.0139,eliminado
2016-03-21,P100341,U7980,imagen,politica,bamar_budista,Rakhine,birmano,0,0,positivo,3236,5708,75,3,4,1,1,0,0,0,0,0,0,5.8,0.0131,ninguna
2017-11-10,P100342,U9131,texto,religion,bamar_budista,Yangon,birmano,1,0,negativo,2511,5748,111,1,1,4,3,0,0,1,0,0,0,7.8,0.0193,ninguna
2017-06-15,P100343,U6248,texto,politica,bamar_budista,Yangon,rohinyá,0,0,neutro,389,732,10,0,0,1,1,0,0,0,0,0,0,7.4,0.0137,bajada_de_prioridad
2017-09-25,P100344,U6327,texto,noticia_local,bamar_budista,Rakhine,birmano,0,1,negativo,2002,2674,112,0,2,2,1,0,1,0,0,0,0,13.9,0.0419,etiqueta_advertencia
2017-05-25,P100345,U6605,texto,desinformacion,bamar_budista,Rakhine,birmano,1,0,positivo,3914,5207,90,3,2,4,1,0,1,0,0,1,1,12.1,0.0173,etiqueta_advertencia
2016-01-05,P100346,U3413,texto,desinformacion,bamar_budista,Yangon,birmano,1,1,neutro,6789,10388,153,1,4,6,1,1,2,1,1,0,0,8.7,0.0147,ninguna
2017-06-04,P100347,U3355,video,religion,bamar_budista,Mandalay,birmano,0,0,neutro,5377,8009,89,6,3,4,3,0,1,0,0,0,0,21.5,0.0111,eliminado
2016-11-29,P100348,U7321,video,politica,bamar_budista,Rakhine,birmano,1,0,positivo,2200,2763,25,3,0,2,1,0,0,1,0,0,0,12.4,0.009,ninguna
2017-05-01,P100349,U4281,enlace,seguridad,otras_minorias,Sittwe,birmano,0,1,negativo,4748,10036,47,2,1,11,4,2,0,2,1,2,0,3.3,0.0047,bajada_de_prioridad
2017-05-10,P100350,U4330,enlace,politica,bamar_budista,Maungdaw,birmano,1,0,neutro,5432,12602,357,1,3,4,2,0,0,1,1,0,0,16.4,0.0283,ninguna
2017-06-14,P100351,U6125,video,desinformacion,bamar_budista,Rakhine,birmano,1,0,neutro,6391,11580,356,3,3,10,1,3,4,1,0,0,1,12.7,0.0307,ninguna
2016-01-06,P100352,U5944,video,religion,bamar_budista,Mandalay,birmano,1,1,neutro,3184,4668,98,1,0,4,1,1,0,1,0,0,1,7,0.021,etiqueta_advertencia
2017-12-25,P100353,U7447,imagen,politica,bamar_budista,Yangon,birmano,1,0,positivo,3011,5812,26,1,1,3,1,0,2,0,0,0,0,15.3,0.0045,bajada_de_prioridad
2016-05-11,P100354,U3670,video,religion,bamar_budista,Rakhine,birmano,1,0,neutro,6059,10340,209,4,2,5,2,0,0,1,1,0,1,19.5,0.0202,ninguna
2017-08-25,P100355,U3975,texto,seguridad,bamar_budista,Rakhine,birmano,1,0,positivo,3308,7739,35,1,0,5,3,1,1,0,0,0,0,7.5,0.0045,ninguna
2017-05-21,P100356,U3612,texto,religion,bamar_budista,Sittwe,birmano,0,1,positivo,5674,11782,166,2,2,6,5,0,1,0,0,0,0,5.3,0.0141,bajada_de_prioridad
2016-07-31,P100357,U1868,texto,desinformacion,bamar_budista,Rakhine,birmano,0,0,neutro,643,1030,3,0,0,1,0,1,0,0,0,0,0,3.8,0.0029,bajada_de_prioridad
2016-01-16,P100358,U9122,video,comunidad,bamar_budista,Yangon,birmano,0,0,neutro,3315,7687,73,0,2,3,2,1,0,0,0,0,0,11.9,0.0095,ninguna
2016-06-03,P100359,U9432,video,politica,rohinyá_musulmana,Sittwe,inglés,0,1,neutro,2493,3366,96,2,0,3,1,0,0,1,1,0,0,16.9,0.0285,ninguna
2016-01-26,P100360,U5476,texto,noticia_local,bamar_budista,Yangon,birmano,0,0,neutro,1261,2675,41,0,1,1,0,1,0,0,0,0,0,19.3,0.0153,ninguna
2016-04-18,P100361,U8418,video,politica,otras_minorias,Sittwe,birmano,0,1,neutro,1626,3282,111,1,2,3,1,1,0,0,1,0,0,17.9,0.0338,etiqueta_advertencia
2016-11-19,P100362,U8707,video,religion,bamar_budista,Mandalay,birmano,0,0,neutro,2874,5042,113,0,0,5,3,0,2,0,0,0,0,4.8,0.0224,etiqueta_advertencia
2016-09-26,P100363,U4892,imagen,noticia_local,bamar_budista,Rakhine,birmano,1,0,neutro,5092,7960,170,5,3,4,2,1,1,0,0,0,0,11.3,0.0214,eliminado
2016-06-05,P100364,U9612,imagen,comunidad,bamar_budista,Mandalay,birmano,1,0,positivo,2819,7047,94,2,2,2,1,1,0,0,0,0,0,1.9,0.0133,ninguna
2016-04-22,P100365,U9490,video,politica,rohinyá_musulmana,Rakhine,birmano,1,0,neutro,9496,15551,386,8,1,9,5,1,1,0,1,1,0,10.3,0.0248,ninguna
2016-02-11,P100366,U6360,video,noticia_local,bamar_budista,Yangon,birmano,1,0,neutro,2388,5291,93,3,0,5,3,1,0,1,0,0,0,19.4,0.0176,ninguna
2016-01-30,P100367,U9102,video,religion,bamar_budista,Yangon,rohinyá,0,1,neutro,3311,5599,82,2,2,2,2,0,0,0,0,0,0,23.8,0.0146,ninguna
2017-07-11,P100368,U6385,texto,politica,rohinyá_musulmana,Yangon,birmano,1,0,neutro,4420,7494,184,5,1,2,2,0,0,0,0,0,0,10.2,0.0246,eliminado
2017-10-28,P100369,U6084,enlace,desinformacion,bamar_budista,Mandalay,birmano,0,1,neutro,3531,7826,242,0,1,2,0,0,1,0,0,1,0,0,0.0309,ninguna
2016-12-23,P100370,U6905,video,religion,rohinyá_musulmana,Yangon,birmano,0,0,negativo,6509,10020,240,3,2,8,3,0,2,0,2,1,0,17.9,0.024,ninguna
2016-06-29,P100371,U7848,texto,comunidad,bamar_budista,Rakhine,birmano,0,0,negativo,4069,5988,106,4,3,1,0,0,0,0,1,0,0,0,0.0177,ninguna
2017-10-19,P100372,U4247,imagen,desinformacion,bamar_budista,Mandalay,birmano,0,0,positivo,2420,4313,78,3,0,2,0,0,0,0,2,0,0,10.3,0.0181,bajada_de_prioridad
2016-11-15,P100373,U7958,video,comunidad,bamar_budista,Mandalay,birmano,0,0,negativo,2054,3667,47,3,3,4,1,1,1,0,0,1,0,22.8,0.0128,bajada_de_prioridad
2016-03-30,P100374,U7606,texto,desinformacion,bamar_budista,Mandalay,birmano,0,0,positivo,2796,5659,166,0,2,3,3,0,0,0,0,0,0,11.6,0.0293,eliminado
2017-08-16,P100375,U3995,video,religion,bamar_budista,Yangon,birmano,0,0,positivo,718,876,9,0,0,2,1,0,1,0,0,0,0,19.5,0.0103,ninguna
2016-07-04,P100376,U7989,texto,politica,bamar_budista,Naypyidaw,inglés,0,0,negativo,6906,11429,150,7,2,10,3,0,3,1,2,0,1,10.4,0.0131,ninguna
2017-03-15,P100377,U3562,video,politica,bamar_budista,Meiktila,inglés,0,1,negativo,2026,3591,123,2,0,2,0,0,0,0,0,1,1,15.1,0.0342,eliminado
2016-03-08,P100378,U7716,texto,comunidad,bamar_budista,Mandalay,birmano,0,0,negativo,1983,4697,98,1,1,4,2,0,1,1,0,0,0,9.8,0.0209,ninguna
2017-04-15,P100379,U4857,enlace,comunidad,bamar_budista,Mandalay,birmano,1,0,neutro,1765,4321,101,0,0,3,2,0,1,0,0,0,0,8.2,0.0234,eliminado
2016-02-17,P100380,U8711,video,noticia_local,bamar_budista,Yangon,birmano,0,0,negativo,2448,5659,92,0,2,2,1,0,1,0,0,0,0,18.9,0.0163,ninguna
2016-02-08,P100381,U1181,texto,comunidad,bamar_budista,Meiktila,birmano,0,0,neutro,4140,9319,137,5,6,6,5,0,1,0,0,0,0,5.2,0.0147,ninguna
2017-05-04,P100382,U2425,texto,religion,bamar_budista,Rakhine,inglés,0,1,positivo,795,1609,30,0,1,0,0,0,0,0,0,0,0,8.3,0.0186,ninguna
2016-09-13,P100383,U1184,texto,seguridad,bamar_budista,Yangon,inglés,0,0,positivo,1598,3930,62,1,0,3,0,0,1,0,1,1,0,10.8,0.0158,etiqueta_advertencia
2017-06-05,P100384,U6990,texto,comunidad,rohinyá_musulmana,Mandalay,birmano,1,0,negativo,4030,7915,252,2,6,6,2,2,0,1,1,0,0,0.4,0.0318,ninguna
2017-07-21,P100385,U1932,texto,comunidad,bamar_budista,Mandalay,birmano,1,0,positivo,2384,4453,112,3,2,2,0,2,0,0,0,0,0,15.7,0.0251,bajada_de_prioridad
2017-10-01,P100386,U7581,texto,politica,otras_minorias,Sittwe,birmano,0,1,positivo,2374,3666,78,2,0,3,1,0,0,1,0,1,0,2.8,0.0213,ninguna
2016-12-10,P100387,U2621,video,comunidad,otras_minorias,Rakhine,birmano,0,0,neutro,1816,2421,34,2,1,0,0,0,0,0,0,0,0,16.9,0.014,ninguna
2017-06-21,P100388,U4927,texto,comunidad,otras_minorias,Yangon,birmano,0,0,neutro,3019,5150,174,1,2,1,0,0,0,1,0,0,0,8.9,0.0338,ninguna
2017-03-28,P100389,U1347,imagen,religion,bamar_budista,Maungdaw,inglés,1,0,positivo,5524,10257,256,3,1,8,6,0,1,1,0,0,0,16.4,0.025,ninguna
2016-01-01,P100390,U9883,texto,comunidad,bamar_budista,Yangon,birmano,0,0,positivo,1037,1874,17,0,1,0,0,0,0,0,0,0,0,4.9,0.0091,ninguna
2016-01-02,P100391,U5960,imagen,noticia_local,rohinyá_musulmana,Meiktila,birmano,1,0,negativo,1516,3067,58,0,0,1,0,0,0,1,0,0,0,6.3,0.0189,etiqueta_advertencia
2017-05-09,P100392,U4153,imagen,politica,bamar_budista,Mandalay,birmano,1,0,positivo,4516,11048,132,6,2,4,0,0,4,0,0,0,0,7.7,0.0119,eliminado
2016-10-25,P100393,U3256,imagen,seguridad,rohinyá_musulmana,Meiktila,birmano,0,0,neutro,2569,5306,135,3,0,1,0,0,0,1,0,0,0,0.9,0.0254,ninguna
2017-02-18,P100394,U4403,enlace,politica,bamar_budista,Yangon,birmano,0,0,neutro,3215,3922,73,1,1,2,2,0,0,0,0,0,0,5.1,0.0186,ninguna
2016-07-30,P100395,U9833,video,religion,bamar_budista,Rakhine,birmano,1,0,positivo,2604,4483,62,1,0,1,1,0,0,0,0,0,0,17.5,0.0138,ninguna
2016-08-30,P100396,U3364,imagen,noticia_local,bamar_budista,Rakhine,inglés,0,0,negativo,3603,6721,41,4,1,2,0,0,1,1,0,0,0,10.6,0.0061,eliminado
2016-04-20,P100397,U2979,enlace,religion,rohinyá_musulmana,Rakhine,inglés,0,1,neutro,3584,5812,94,2,1,3,2,0,0,0,1,0,0,3.3,0.0162,ninguna
2017-12-13,P100398,U4655,texto,desinformacion,bamar_budista,Rakhine,birmano,1,1,neutro,7027,15338,373,7,4,4,0,1,2,1,0,0,0,10.8,0.0243,bajada_de_prioridad
2017-11-21,P100399,U4317,texto,politica,bamar_budista,Rakhine,birmano,0,0,negativo,6678,11820,472,8,0,5,1,1,2,1,0,0,0,18.2,0.0399,ninguna
2016-03-13,P100400,U3039,texto,noticia_local,bamar_budista,Rakhine,birmano,1,1,negativo,1103,1561,34,0,1,1,0,0,0,1,0,0,0,10.3,0.0218,ninguna
2016-06-09,P100401,U9491,enlace,comunidad,rohinyá_musulmana,Maungdaw,birmano,1,0,positivo,5878,10121,271,3,3,7,2,1,3,0,0,0,1,10.9,0.0268,ninguna
2017-09-18,P100402,U9395,video,politica,otras_minorias,Mandalay,birmano,1,0,negativo,2770,4348,72,1,0,3,2,0,0,1,0,0,0,18.2,0.0166,ninguna
2016-01-25,P100403,U5992,texto,noticia_local,bamar_budista,Rakhine,birmano,0,0,negativo,1374,1865,21,0,1,5,0,0,2,2,0,1,0,3.5,0.0113,ninguna
2016-11-30,P100404,U5758,texto,noticia_local,bamar_budista,Yangon,birmano,0,0,neutro,1628,2406,80,1,2,2,1,0,1,0,0,0,0,0,0.0332,ninguna
2017-12-25,P100405,U5197,texto,seguridad,bamar_budista,Yangon,birmano,1,0,negativo,1693,3554,45,0,0,1,0,0,1,0,0,0,0,17.8,0.0127,ninguna
2016-05-02,P100406,U6691,imagen,religion,bamar_budista,Rakhine,birmano,0,1,neutro,2235,3923,59,1,2,1,0,0,0,0,0,1,0,8.1,0.015,ninguna
2016-03-14,P100407,U6419,video,desinformacion,rohinyá_musulmana,Mandalay,birmano,0,0,negativo,4236,5931,277,2,2,6,4,0,1,0,1,0,0,10.2,0.0467,ninguna
2016-10-25,P100408,U2203,imagen,seguridad,bamar_budista,Rakhine,birmano,1,0,neutro,4746,8710,231,5,2,4,3,0,0,1,0,0,0,15.5,0.0265,bajada_de_prioridad
2017-01-02,P100409,U7023,video,noticia_local,otras_minorias,Maungdaw,birmano,1,0,neutro,4768,9521,209,4,5,4,1,0,1,1,0,0,1,14.6,0.0219,ninguna
2017-09-26,P100410,U8574,texto,noticia_local,bamar_budista,Rakhine,birmano,1,1,negativo,4144,7410,258,2,3,4,2,0,0,2,0,0,0,14.8,0.0348,ninguna
2017-11-22,P100411,U9022,video,religion,bamar_budista,Sittwe,birmano,0,0,neutro,2412,3245,66,5,2,3,1,0,1,1,0,0,0,19.4,0.0203,ninguna
2017-07-20,P100412,U1027,texto,politica,bamar_budista,Mandalay,birmano,1,0,negativo,3940,7979,326,5,4,3,1,0,1,0,1,0,0,8.7,0.0409,etiqueta_advertencia
2016-05-15,P100413,U1535,texto,desinformacion,bamar_budista,Rakhine,birmano,0,0,negativo,2361,4753,125,2,0,3,1,0,0,0,2,0,0,14.3,0.0263,ninguna
2017-08-02,P100414,U9353,texto,comunidad,rohinyá_musulmana,Rakhine,birmano,1,0,positivo,2046,4394,66,3,2,1,1,0,0,0,0,0,0,7.2,0.015,ninguna
2016-05-09,P100415,U1477,texto,seguridad,rohinyá_musulmana,Mandalay,inglés,1,0,positivo,5690,10240,64,3,5,5,2,1,0,1,1,0,0,7.2,0.0062,ninguna
2017-09-22,P100416,U1792,texto,comunidad,bamar_budista,Rakhine,birmano,1,0,positivo,2300,4168,147,0,0,3,3,0,0,0,0,0,0,5.9,0.0353,ninguna
2016-08-31,P100417,U6129,texto,comunidad,bamar_budista,Maungdaw,birmano,1,0,positivo,2705,4324,22,1,1,3,1,0,0,2,0,0,0,9,0.0051,ninguna
2016-05-17,P100418,U5326,texto,religion,bamar_budista,Sittwe,birmano,0,0,negativo,1263,2507,18,1,0,1,0,0,1,0,0,0,0,3.8,0.0072,ninguna
2017-09-28,P100419,U6917,video,politica,bamar_budista,Yangon,birmano,1,1,neutro,1462,2312,29,0,0,2,1,0,1,0,0,0,0,13.8,0.0125,eliminado
2016-12-15,P100420,U3872,imagen,noticia_local,bamar_budista,Yangon,birmano,0,0,positivo,2666,4660,28,1,1,4,1,1,0,1,0,1,0,4.7,0.006,ninguna
2016-06-01,P100421,U6520,imagen,comunidad,bamar_budista,Yangon,birmano,0,0,neutro,4524,10883,221,3,1,7,3,0,1,3,0,0,0,12.8,0.0203,ninguna
2017-12-05,P100422,U5456,texto,desinformacion,rohinyá_musulmana,Rakhine,birmano,1,0,positivo,5699,9125,132,3,5,5,2,0,1,0,1,1,0,14.9,0.0145,ninguna
2016-09-30,P100423,U1832,texto,comunidad,bamar_budista,Meiktila,inglés,0,0,neutro,1979,3238,125,3,2,4,3,0,1,0,0,0,0,11,0.0386,etiqueta_advertencia
2016-09-06,P100424,U4989,video,comunidad,bamar_budista,Rakhine,birmano,0,0,neutro,2933,6188,158,3,1,4,1,0,2,0,0,0,1,15.6,0.0255,ninguna
2017-02-17,P100425,U6527,texto,comunidad,bamar_budista,Naypyidaw,birmano,1,1,neutro,1433,3133,99,1,0,2,1,0,0,0,0,1,0,11.3,0.0316,ninguna
2016-01-17,P100426,U1402,texto,noticia_local,bamar_budista,Yangon,birmano,0,0,neutro,829,1200,9,0,0,1,1,0,0,0,0,0,0,7.9,0.0075,ninguna
2016-07-10,P100427,U7261,texto,noticia_local,rohinyá_musulmana,Rakhine,birmano,0,0,neutro,1721,2907,95,0,0,0,0,0,0,0,0,0,0,4.6,0.0327,bajada_de_prioridad
2017-02-26,P100428,U1256,video,desinformacion,bamar_budista,Rakhine,birmano,1,0,neutro,4125,9927,142,2,4,4,1,0,1,1,1,0,0,23.3,0.0143,ninguna
2017-11-27,P100429,U2586,imagen,politica,bamar_budista,Yangon,inglés,1,0,positivo,2892,4776,150,1,1,1,0,0,0,0,0,1,0,9.8,0.0314,bajada_de_prioridad
2017-08-09,P100430,U7586,texto,politica,bamar_budista,Rakhine,rohinyá,0,1,neutro,5697,9972,82,2,3,4,0,1,1,0,2,0,0,10,0.0082,ninguna
2017-10-17,P100431,U9752,enlace,desinformacion,rohinyá_musulmana,Mandalay,birmano,0,0,neutro,3690,9180,58,6,3,6,3,0,1,1,0,1,0,5.5,0.0063,ninguna
2016-03-18,P100432,U2648,texto,desinformacion,bamar_budista,Maungdaw,birmano,0,0,neutro,7488,12702,460,2,3,10,6,1,2,0,0,1,0,14.6,0.0362,ninguna
2016-11-13,P100433,U1244,imagen,politica,bamar_budista,Maungdaw,inglés,1,0,negativo,2975,5075,110,2,4,3,1,0,2,0,0,0,0,9.3,0.0217,ninguna
2017-07-13,P100434,U4892,texto,politica,bamar_budista,Mandalay,birmano,1,0,neutro,5033,12094,433,1,1,8,3,2,0,1,1,0,1,15.7,0.0358,bajada_de_prioridad
2017-05-03,P100435,U4312,video,religion,bamar_budista,Yangon,birmano,1,0,positivo,3915,8302,242,1,1,4,1,1,1,1,0,0,0,6.3,0.0291,bajada_de_prioridad
2016-08-10,P100436,U2539,video,comunidad,bamar_budista,Mandalay,inglés,0,1,negativo,2834,6380,178,3,1,1,1,0,0,0,0,0,0,19.7,0.0279,ninguna
2017-10-11,P100437,U2094,texto,comunidad,otras_minorias,Yangon,birmano,0,0,neutro,1004,1481,32,1,1,2,0,0,1,0,0,0,1,5.5,0.0216,ninguna
2016-07-15,P100438,U3018,texto,politica,bamar_budista,Naypyidaw,birmano,1,0,negativo,3540,5564,129,3,1,6,4,0,1,1,0,0,0,0,0.0232,etiqueta_advertencia
2017-07-09,P100439,U1402,video,comunidad,bamar_budista,Rakhine,birmano,1,0,neutro,4537,5672,107,3,1,2,1,0,1,0,0,0,0,16.3,0.0189,ninguna
2017-02-27,P100440,U4174,texto,politica,rohinyá_musulmana,Yangon,birmano,0,0,negativo,2153,3520,36,0,0,3,3,0,0,0,0,0,0,3.2,0.0102,etiqueta_advertencia
2016-02-09,P100441,U4434,video,politica,rohinyá_musulmana,Rakhine,birmano,1,1,neutro,5692,7522,104,8,3,8,4,1,2,1,0,0,0,14.3,0.0138,ninguna
2017-08-12,P100442,U7121,texto,comunidad,bamar_budista,Yangon,birmano,1,0,neutro,2849,4470,110,0,1,5,3,0,0,1,0,0,1,9.1,0.0246,eliminado
2017-10-02,P100443,U5231,imagen,noticia_local,bamar_budista,Naypyidaw,birmano,0,1,neutro,9671,17171,448,7,2,7,4,1,0,2,0,0,0,17.8,0.0261,bajada_de_prioridad
2017-05-19,P100444,U2802,texto,politica,bamar_budista,Mandalay,inglés,1,0,neutro,6748,16738,339,7,3,7,2,1,2,0,0,1,1,11.2,0.0203,etiqueta_advertencia
2016-09-24,P100445,U1293,texto,politica,otras_minorias,Naypyidaw,birmano,0,1,neutro,1983,2782,87,1,0,2,2,0,0,0,0,0,0,4.6,0.0313,ninguna
2016-02-02,P100446,U4646,texto,seguridad,bamar_budista,Rakhine,birmano,1,0,positivo,5296,10878,351,4,1,9,2,0,3,3,0,1,0,10.3,0.0323,bajada_de_prioridad
2017-01-06,P100447,U1749,imagen,noticia_local,rohinyá_musulmana,Yangon,birmano,1,1,negativo,5341,12453,192,6,1,7,4,0,0,1,1,1,0,3.8,0.0154,bajada_de_prioridad
2016-06-21,P100448,U5089,video,desinformacion,bamar_budista,Rakhine,inglés,1,0,neutro,5374,12491,424,2,2,2,1,0,1,0,0,0,0,31.6,0.0339,ninguna
2016-04-22,P100449,U2168,video,noticia_local,bamar_budista,Yangon,birmano,0,0,positivo,6640,15985,312,5,3,8,3,2,1,1,1,0,0,9.2,0.0195,ninguna
2017-02-19,P100450,U8951,video,comunidad,bamar_budista,Yangon,birmano,1,0,positivo,4119,8921,357,1,1,6,2,1,0,0,1,1,1,17.6,0.04,ninguna
2017-10-03,P100451,U2199,texto,noticia_local,bamar_budista,Rakhine,birmano,1,0,positivo,2193,3277,119,1,0,1,0,0,1,0,0,0,0,3.4,0.0363,eliminado
2017-10-25,P100452,U1995,texto,noticia_local,bamar_budista,Mandalay,birmano,0,0,negativo,1292,2523,35,0,0,1,0,1,0,0,0,0,0,7.8,0.0139,ninguna
2017-10-17,P100453,U7192,texto,religion,bamar_budista,Yangon,birmano,1,0,neutro,1548,3838,114,1,1,6,4,1,1,0,0,0,0,7.2,0.0297,ninguna
2017-11-10,P100454,U9527,video,comunidad,bamar_budista,Mandalay,inglés,1,0,negativo,1809,2191,85,2,1,1,0,0,0,1,0,0,0,18.6,0.0388,bajada_de_prioridad
2016-03-03,P100455,U4176,texto,seguridad,rohinyá_musulmana,Rakhine,birmano,0,0,negativo,1577,3398,71,2,0,2,1,0,1,0,0,0,0,9.4,0.0209,bajada_de_prioridad
2017-11-18,P100456,U8903,video,religion,bamar_budista,Rakhine,inglés,1,1,neutro,5926,9221,132,5,1,9,5,1,0,1,1,0,1,16.8,0.0143,eliminado
2017-11-22,P100457,U4560,video,desinformacion,otras_minorias,Rakhine,birmano,1,0,negativo,2084,3007,19,1,3,2,0,0,1,1,0,0,0,14.6,0.0063,eliminado
2017-11-19,P100458,U6363,texto,religion,bamar_budista,Naypyidaw,birmano,0,0,neutro,282,498,9,1,0,0,0,0,0,0,0,0,0,14.4,0.018,ninguna
2016-12-06,P100459,U5139,video,politica,bamar_budista,Maungdaw,birmano,0,0,negativo,2046,3093,51,0,0,2,1,0,1,0,0,0,0,22.1,0.0165,bajada_de_prioridad
2017-05-24,P100460,U4642,video,noticia_local,bamar_budista,Rakhine,birmano,1,0,neutro,8584,11964,253,7,4,8,4,3,1,0,0,0,0,16.2,0.0211,ninguna
2016-03-04,P100461,U9997,imagen,desinformacion,bamar_budista,Rakhine,birmano,1,1,neutro,2686,4920,85,1,2,2,1,0,1,0,0,0,0,11.8,0.0173,ninguna
2017-12-19,P100462,U1294,texto,seguridad,bamar_budista,Yangon,birmano,0,1,neutro,5592,10579,125,5,5,7,3,1,1,1,1,0,0,11.8,0.0118,ninguna
2016-08-02,P100463,U6700,texto,comunidad,bamar_budista,Rakhine,birmano,1,1,neutro,2033,3353,95,1,0,1,0,0,1,0,0,0,0,6.9,0.0283,etiqueta_advertencia
2016-03-05,P100464,U6725,texto,politica,bamar_budista,Rakhine,birmano,1,0,neutro,2140,3424,55,2,1,0,0,0,0,0,0,0,0,12.3,0.0161,eliminado
2017-01-04,P100465,U1140,video,noticia_local,bamar_budista,Maungdaw,birmano,1,0,positivo,18901,24204,680,12,9,23,11,3,1,3,3,2,0,16.5,0.0281,ninguna
2017-08-29,P100466,U8271,video,desinformacion,bamar_budista,Yangon,birmano,0,0,neutro,5741,8868,171,9,5,8,2,1,1,3,1,0,0,19.6,0.0193,ninguna
2017-10-14,P100467,U1118,texto,religion,bamar_budista,Rakhine,birmano,1,0,positivo,320,384,3,0,0,0,0,0,0,0,0,0,0,4.2,0.0078,ninguna
2017-06-02,P100468,U7421,texto,politica,rohinyá_musulmana,Rakhine,birmano,1,0,positivo,2255,3760,37,4,2,2,2,0,0,0,0,0,0,14.7,0.0098,ninguna
2017-11-18,P100469,U1333,enlace,religion,bamar_budista,Yangon,birmano,1,1,negativo,3637,7973,168,3,0,4,3,0,0,1,0,0,0,6.9,0.0211,ninguna
2017-06-08,P100470,U9797,texto,desinformacion,bamar_budista,Yangon,birmano,0,0,neutro,4986,8541,40,2,2,5,3,0,1,0,0,0,1,7.4,0.0047,ninguna
2017-04-22,P100471,U9727,enlace,politica,bamar_budista,Mandalay,birmano,0,0,positivo,2134,4371,45,6,1,0,0,0,0,0,0,0,0,15.9,0.0103,ninguna
2016-04-20,P100472,U7295,texto,seguridad,rohinyá_musulmana,Sittwe,birmano,1,0,neutro,3994,6791,160,4,1,2,0,1,1,0,0,0,0,7.6,0.0236,bajada_de_prioridad
2016-03-12,P100473,U8088,texto,politica,otras_minorias,Meiktila,birmano,0,0,positivo,5314,10873,98,2,1,3,1,2,0,0,0,0,0,13.1,0.009,bajada_de_prioridad
2016-03-15,P100474,U2601,texto,seguridad,otras_minorias,Rakhine,birmano,1,0,neutro,968,1975,44,0,1,2,0,0,2,0,0,0,0,11.9,0.0223,ninguna
2017-10-08,P100475,U8712,video,desinformacion,bamar_budista,Mandalay,birmano,0,1,negativo,1514,2746,41,1,0,0,0,0,0,0,0,0,0,20.1,0.0149,bajada_de_prioridad
2017-04-02,P100476,U5442,imagen,religion,bamar_budista,Rakhine,birmano,1,1,negativo,1579,2466,73,0,2,2,1,0,0,0,1,0,0,8.2,0.0296,ninguna
2016-02-01,P100477,U5960,texto,comunidad,rohinyá_musulmana,Maungdaw,rohinyá,0,0,positivo,7554,10666,169,4,5,5,1,1,3,0,0,0,0,12.2,0.0158,bajada_de_prioridad
2016-05-15,P100478,U8838,video,religion,otras_minorias,Sittwe,birmano,0,0,positivo,994,2215,19,0,1,1,0,0,0,0,0,1,0,4.1,0.0086,ninguna
2016-05-15,P100479,U2405,imagen,noticia_local,bamar_budista,Naypyidaw,birmano,1,0,positivo,2406,5606,45,4,0,3,1,0,0,0,0,2,0,3.1,0.008,ninguna
2016-05-03,P100480,U2657,texto,religion,bamar_budista,Mandalay,inglés,0,1,neutro,7456,13154,344,4,4,9,2,0,2,3,2,0,0,8.6,0.0262,ninguna
2017-04-27,P100481,U5193,texto,politica,bamar_budista,Mandalay,rohinyá,1,1,neutro,5043,9158,219,1,2,9,5,0,1,1,0,2,0,6.4,0.0239,ninguna
2017-10-25,P100482,U3720,texto,seguridad,bamar_budista,Rakhine,rohinyá,1,0,negativo,2876,6226,167,3,1,4,1,1,0,1,1,0,0,10.7,0.0268,ninguna
2016-11-29,P100483,U4213,video,comunidad,bamar_budista,Naypyidaw,birmano,0,0,neutro,2203,3293,118,1,3,1,0,0,0,1,0,0,0,21.8,0.0358,ninguna
2016-04-12,P100484,U6735,imagen,seguridad,otras_minorias,Yangon,birmano,0,0,neutro,1241,3070,61,1,0,2,2,0,0,0,0,0,0,4.6,0.0199,bajada_de_prioridad
2017-06-24,P100485,U9334,video,religion,rohinyá_musulmana,Rakhine,birmano,1,0,negativo,6029,10554,359,4,3,4,3,0,0,0,0,0,1,23.1,0.034,ninguna
2016-10-08,P100486,U1690,texto,religion,bamar_budista,Yangon,birmano,1,0,neutro,2436,4023,77,0,1,2,1,0,0,1,0,0,0,1,0.0191,ninguna
2016-03-20,P100487,U4054,imagen,noticia_local,rohinyá_musulmana,Yangon,birmano,0,0,neutro,955,1570,7,0,0,0,0,0,0,0,0,0,0,7.4,0.0045,ninguna
2017-04-01,P100488,U9243,video,desinformacion,bamar_budista,Yangon,birmano,0,0,positivo,4253,9255,194,4,2,5,2,0,0,0,0,2,1,27.2,0.021,ninguna
2017-07-27,P100489,U6090,texto,politica,rohinyá_musulmana,Mandalay,birmano,0,0,neutro,2573,6301,76,3,0,4,0,0,1,1,1,1,0,16.1,0.0121,bajada_de_prioridad
2016-05-24,P100490,U1325,imagen,comunidad,rohinyá_musulmana,Yangon,birmano,0,0,positivo,2410,3185,40,1,2,1,1,0,0,0,0,0,0,2.6,0.0126,ninguna
2016-07-01,P100491,U9645,texto,noticia_local,bamar_budista,Mandalay,inglés,0,0,positivo,3182,7528,22,1,1,3,2,0,0,0,0,1,0,9.7,0.0029,eliminado
2017-11-03,P100492,U3216,texto,noticia_local,bamar_budista,Yangon,birmano,1,0,neutro,1776,3648,70,2,0,3,1,1,1,0,0,0,0,17.2,0.0192,ninguna
2017-08-04,P100493,U7770,imagen,politica,bamar_budista,Maungdaw,birmano,1,1,negativo,3974,6183,135,4,1,4,1,0,2,0,1,0,0,13,0.0218,etiqueta_advertencia
2016-02-08,P100494,U2574,texto,religion,bamar_budista,Rakhine,birmano,1,1,negativo,4378,6400,138,3,4,5,3,0,1,1,0,0,0,11,0.0216,ninguna
2016-06-24,P100495,U7713,imagen,religion,bamar_budista,Rakhine,birmano,0,0,positivo,943,1461,11,1,0,0,0,0,0,0,0,0,0,13.8,0.0075,ninguna
2016-09-11,P100496,U3781,enlace,noticia_local,otras_minorias,Rakhine,birmano,1,0,neutro,4683,5831,119,1,3,7,1,1,1,1,1,1,1,8.3,0.0204,ninguna
2016-04-20,P100497,U5704,imagen,comunidad,bamar_budista,Rakhine,birmano,1,0,neutro,3967,4957,165,4,0,2,0,0,0,1,1,0,0,8.1,0.0333,ninguna
2016-09-05,P100498,U1490,enlace,seguridad,otras_minorias,Sittwe,birmano,1,0,negativo,3640,6223,79,1,3,2,0,0,2,0,0,0,0,0,0.0127,ninguna
2016-01-31,P100499,U5314,video,comunidad,bamar_budista,Yangon,birmano,1,0,negativo,3852,4890,170,2,1,4,1,1,0,0,1,1,0,21.8,0.0348,bajada_de_prioridad